annee;table;colonne;dtype;nb_lignes;nb_na;taux_na;fichier;encoding;separateur
2005;caracteristiques;Num_Acc;int64;87026;0;0.000000;datasets/baac/2005/Caract_2005.csv;latin-1;,
2005;caracteristiques;adr;str;87026;16788;0.192908;datasets/baac/2005/Caract_2005.csv;latin-1;,
2005;caracteristiques;agg;int64;87026;0;0.000000;datasets/baac/2005/Caract_2005.csv;latin-1;,
2005;caracteristiques;an;int64;87026;0;0.000000;datasets/baac/2005/Caract_2005.csv;latin-1;,
2005;caracteristiques;atm;int64;87026;0;0.000000;datasets/baac/2005/Caract_2005.csv;latin-1;,
2005;caracteristiques;col;int64;87026;0;0.000000;datasets/baac/2005/Caract_2005.csv;latin-1;,
2005;caracteristiques;com;float64;87026;2;0.000023;datasets/baac/2005/Caract_2005.csv;latin-1;,
2005;caracteristiques;dep;int64;87026;0;0.000000;datasets/baac/2005/Caract_2005.csv;latin-1;,
2005;caracteristiques;gps;str;87026;59989;0.689323;datasets/baac/2005/Caract_2005.csv;latin-1;,
2005;caracteristiques;hrmn;int64;87026;0;0.000000;datasets/baac/2005/Caract_2005.csv;latin-1;,
2005;caracteristiques;int;int64;87026;0;0.000000;datasets/baac/2005/Caract_2005.csv;latin-1;,
2005;caracteristiques;jour;int64;87026;0;0.000000;datasets/baac/2005/Caract_2005.csv;latin-1;,
2005;caracteristiques;lat;float64;87026;60083;0.690403;datasets/baac/2005/Caract_2005.csv;latin-1;,
2005;caracteristiques;long;float64;87026;60083;0.690403;datasets/baac/2005/Caract_2005.csv;latin-1;,
2005;caracteristiques;lum;int64;87026;0;0.000000;datasets/baac/2005/Caract_2005.csv;latin-1;,
2005;caracteristiques;mois;int64;87026;0;0.000000;datasets/baac/2005/Caract_2005.csv;latin-1;,
2005;lieux;Num_Acc;int64;87026;0;0.000000;datasets/baac/2005/Lieux_2005.csv;utf-8-sig;,
2005;lieux;catr;float64;87026;1;0.000011;datasets/baac/2005/Lieux_2005.csv;utf-8-sig;,
2005;lieux;circ;int64;87026;0;0.000000;datasets/baac/2005/Lieux_2005.csv;utf-8-sig;,
2005;lieux;env1;int64;87026;0;0.000000;datasets/baac/2005/Lieux_2005.csv;utf-8-sig;,
2005;lieux;infra;int64;87026;0;0.000000;datasets/baac/2005/Lieux_2005.csv;utf-8-sig;,
2005;lieux;larrout;int64;87026;0;0.000000;datasets/baac/2005/Lieux_2005.csv;utf-8-sig;,
2005;lieux;lartpc;int64;87026;0;0.000000;datasets/baac/2005/Lieux_2005.csv;utf-8-sig;,
2005;lieux;nbv;int64;87026;0;0.000000;datasets/baac/2005/Lieux_2005.csv;utf-8-sig;,
2005;lieux;plan;int64;87026;0;0.000000;datasets/baac/2005/Lieux_2005.csv;utf-8-sig;,
2005;lieux;pr;float64;87026;39511;0.454014;datasets/baac/2005/Lieux_2005.csv;utf-8-sig;,
2005;lieux;pr1;float64;87026;39511;0.454014;datasets/baac/2005/Lieux_2005.csv;utf-8-sig;,
2005;lieux;prof;int64;87026;0;0.000000;datasets/baac/2005/Lieux_2005.csv;utf-8-sig;,
2005;lieux;situ;int64;87026;0;0.000000;datasets/baac/2005/Lieux_2005.csv;utf-8-sig;,
2005;lieux;surf;int64;87026;0;0.000000;datasets/baac/2005/Lieux_2005.csv;utf-8-sig;,
2005;lieux;v1;float64;87026;205;0.002356;datasets/baac/2005/Lieux_2005.csv;utf-8-sig;,
2005;lieux;v2;str;87026;84890;0.975456;datasets/baac/2005/Lieux_2005.csv;utf-8-sig;,
2005;lieux;voie;float64;87026;7529;0.086514;datasets/baac/2005/Lieux_2005.csv;utf-8-sig;,
2005;lieux;vosp;int64;87026;0;0.000000;datasets/baac/2005/Lieux_2005.csv;utf-8-sig;,
2005;usagers;Num_Acc;int64;197498;0;0.000000;datasets/baac/2005/Usagers_2005.csv;utf-8-sig;,
2005;usagers;actp;int64;197498;0;0.000000;datasets/baac/2005/Usagers_2005.csv;utf-8-sig;,
2005;usagers;an_nais;float64;197498;687;0.003479;datasets/baac/2005/Usagers_2005.csv;utf-8-sig;,
2005;usagers;catu;int64;197498;0;0.000000;datasets/baac/2005/Usagers_2005.csv;utf-8-sig;,
2005;usagers;etatp;int64;197498;0;0.000000;datasets/baac/2005/Usagers_2005.csv;utf-8-sig;,
2005;usagers;grav;int64;197498;0;0.000000;datasets/baac/2005/Usagers_2005.csv;utf-8-sig;,
2005;usagers;locp;int64;197498;0;0.000000;datasets/baac/2005/Usagers_2005.csv;utf-8-sig;,
2005;usagers;num_veh;str;197498;0;0.000000;datasets/baac/2005/Usagers_2005.csv;utf-8-sig;,
2005;usagers;place;int64;197498;0;0.000000;datasets/baac/2005/Usagers_2005.csv;utf-8-sig;,
2005;usagers;secu;int64;197498;0;0.000000;datasets/baac/2005/Usagers_2005.csv;utf-8-sig;,
2005;usagers;sexe;int64;197498;0;0.000000;datasets/baac/2005/Usagers_2005.csv;utf-8-sig;,
2005;usagers;trajet;int64;197498;0;0.000000;datasets/baac/2005/Usagers_2005.csv;utf-8-sig;,
2005;vehicules;Num_Acc;int64;149764;0;0.000000;datasets/baac/2005/Vehicules_2005.csv;utf-8-sig;,
2005;vehicules;catv;int64;149764;0;0.000000;datasets/baac/2005/Vehicules_2005.csv;utf-8-sig;,
2005;vehicules;choc;int64;149764;0;0.000000;datasets/baac/2005/Vehicules_2005.csv;utf-8-sig;,
2005;vehicules;manv;int64;149764;0;0.000000;datasets/baac/2005/Vehicules_2005.csv;utf-8-sig;,
2005;vehicules;num_veh;str;149764;0;0.000000;datasets/baac/2005/Vehicules_2005.csv;utf-8-sig;,
2005;vehicules;obs;int64;149764;0;0.000000;datasets/baac/2005/Vehicules_2005.csv;utf-8-sig;,
2005;vehicules;obsm;int64;149764;0;0.000000;datasets/baac/2005/Vehicules_2005.csv;utf-8-sig;,
2005;vehicules;occutc;int64;149764;0;0.000000;datasets/baac/2005/Vehicules_2005.csv;utf-8-sig;,
2005;vehicules;senc;int64;149764;0;0.000000;datasets/baac/2005/Vehicules_2005.csv;utf-8-sig;,
2006;caracteristiques;Num_Acc;int64;82993;0;0.000000;datasets/baac/2006/Caract_2006.csv;latin-1;,
2006;caracteristiques;adr;str;82993;11132;0.134132;datasets/baac/2006/Caract_2006.csv;latin-1;,
2006;caracteristiques;agg;int64;82993;0;0.000000;datasets/baac/2006/Caract_2006.csv;latin-1;,
2006;caracteristiques;an;int64;82993;0;0.000000;datasets/baac/2006/Caract_2006.csv;latin-1;,
2006;caracteristiques;atm;int64;82993;0;0.000000;datasets/baac/2006/Caract_2006.csv;latin-1;,
2006;caracteristiques;col;int64;82993;0;0.000000;datasets/baac/2006/Caract_2006.csv;latin-1;,
2006;caracteristiques;com;int64;82993;0;0.000000;datasets/baac/2006/Caract_2006.csv;latin-1;,
2006;caracteristiques;dep;int64;82993;0;0.000000;datasets/baac/2006/Caract_2006.csv;latin-1;,
2006;caracteristiques;gps;str;82993;58663;0.706843;datasets/baac/2006/Caract_2006.csv;latin-1;,
2006;caracteristiques;hrmn;int64;82993;0;0.000000;datasets/baac/2006/Caract_2006.csv;latin-1;,
2006;caracteristiques;int;int64;82993;0;0.000000;datasets/baac/2006/Caract_2006.csv;latin-1;,
2006;caracteristiques;jour;int64;82993;0;0.000000;datasets/baac/2006/Caract_2006.csv;latin-1;,
2006;caracteristiques;lat;float64;82993;58733;0.707686;datasets/baac/2006/Caract_2006.csv;latin-1;,
2006;caracteristiques;long;float64;82993;58733;0.707686;datasets/baac/2006/Caract_2006.csv;latin-1;,
2006;caracteristiques;lum;int64;82993;0;0.000000;datasets/baac/2006/Caract_2006.csv;latin-1;,
2006;caracteristiques;mois;int64;82993;0;0.000000;datasets/baac/2006/Caract_2006.csv;latin-1;,
2006;lieux;Num_Acc;int64;82993;0;0.000000;datasets/baac/2006/Lieux_2006.csv;utf-8-sig;,
2006;lieux;catr;int64;82993;0;0.000000;datasets/baac/2006/Lieux_2006.csv;utf-8-sig;,
2006;lieux;circ;int64;82993;0;0.000000;datasets/baac/2006/Lieux_2006.csv;utf-8-sig;,
2006;lieux;env1;int64;82993;0;0.000000;datasets/baac/2006/Lieux_2006.csv;utf-8-sig;,
2006;lieux;infra;int64;82993;0;0.000000;datasets/baac/2006/Lieux_2006.csv;utf-8-sig;,
2006;lieux;larrout;int64;82993;0;0.000000;datasets/baac/2006/Lieux_2006.csv;utf-8-sig;,
2006;lieux;lartpc;int64;82993;0;0.000000;datasets/baac/2006/Lieux_2006.csv;utf-8-sig;,
2006;lieux;nbv;int64;82993;0;0.000000;datasets/baac/2006/Lieux_2006.csv;utf-8-sig;,
2006;lieux;plan;int64;82993;0;0.000000;datasets/baac/2006/Lieux_2006.csv;utf-8-sig;,
2006;lieux;pr;float64;82993;38731;0.466678;datasets/baac/2006/Lieux_2006.csv;utf-8-sig;,
2006;lieux;pr1;float64;82993;38731;0.466678;datasets/baac/2006/Lieux_2006.csv;utf-8-sig;,
2006;lieux;prof;int64;82993;0;0.000000;datasets/baac/2006/Lieux_2006.csv;utf-8-sig;,
2006;lieux;situ;int64;82993;0;0.000000;datasets/baac/2006/Lieux_2006.csv;utf-8-sig;,
2006;lieux;surf;int64;82993;0;0.000000;datasets/baac/2006/Lieux_2006.csv;utf-8-sig;,
2006;lieux;v1;float64;82993;32;0.000386;datasets/baac/2006/Lieux_2006.csv;utf-8-sig;,
2006;lieux;v2;str;82993;77775;0.937127;datasets/baac/2006/Lieux_2006.csv;utf-8-sig;,
2006;lieux;voie;float64;82993;7948;0.095767;datasets/baac/2006/Lieux_2006.csv;utf-8-sig;,
2006;lieux;vosp;int64;82993;0;0.000000;datasets/baac/2006/Lieux_2006.csv;utf-8-sig;,
2006;usagers;Num_Acc;int64;187085;0;0.000000;datasets/baac/2006/Usagers_2006.csv;utf-8-sig;,
2006;usagers;actp;int64;187085;0;0.000000;datasets/baac/2006/Usagers_2006.csv;utf-8-sig;,
2006;usagers;an_nais;float64;187085;1047;0.005596;datasets/baac/2006/Usagers_2006.csv;utf-8-sig;,
2006;usagers;catu;int64;187085;0;0.000000;datasets/baac/2006/Usagers_2006.csv;utf-8-sig;,
2006;usagers;etatp;int64;187085;0;0.000000;datasets/baac/2006/Usagers_2006.csv;utf-8-sig;,
2006;usagers;grav;int64;187085;0;0.000000;datasets/baac/2006/Usagers_2006.csv;utf-8-sig;,
2006;usagers;locp;int64;187085;0;0.000000;datasets/baac/2006/Usagers_2006.csv;utf-8-sig;,
2006;usagers;num_veh;str;187085;0;0.000000;datasets/baac/2006/Usagers_2006.csv;utf-8-sig;,
2006;usagers;place;int64;187085;0;0.000000;datasets/baac/2006/Usagers_2006.csv;utf-8-sig;,
2006;usagers;secu;float64;187085;1;0.000005;datasets/baac/2006/Usagers_2006.csv;utf-8-sig;,
2006;usagers;sexe;int64;187085;0;0.000000;datasets/baac/2006/Usagers_2006.csv;utf-8-sig;,
2006;usagers;trajet;int64;187085;0;0.000000;datasets/baac/2006/Usagers_2006.csv;utf-8-sig;,
2006;vehicules;Num_Acc;int64;142300;0;0.000000;datasets/baac/2006/Vehicules_2006.csv;utf-8-sig;,
2006;vehicules;catv;int64;142300;0;0.000000;datasets/baac/2006/Vehicules_2006.csv;utf-8-sig;,
2006;vehicules;choc;int64;142300;0;0.000000;datasets/baac/2006/Vehicules_2006.csv;utf-8-sig;,
2006;vehicules;manv;int64;142300;0;0.000000;datasets/baac/2006/Vehicules_2006.csv;utf-8-sig;,
2006;vehicules;num_veh;str;142300;0;0.000000;datasets/baac/2006/Vehicules_2006.csv;utf-8-sig;,
2006;vehicules;obs;int64;142300;0;0.000000;datasets/baac/2006/Vehicules_2006.csv;utf-8-sig;,
2006;vehicules;obsm;int64;142300;0;0.000000;datasets/baac/2006/Vehicules_2006.csv;utf-8-sig;,
2006;vehicules;occutc;int64;142300;0;0.000000;datasets/baac/2006/Vehicules_2006.csv;utf-8-sig;,
2006;vehicules;senc;int64;142300;0;0.000000;datasets/baac/2006/Vehicules_2006.csv;utf-8-sig;,
2007;caracteristiques;Num_Acc;int64;83850;0;0.000000;datasets/baac/2007/Caract_2007.csv;latin-1;,
2007;caracteristiques;adr;str;83850;14956;0.178366;datasets/baac/2007/Caract_2007.csv;latin-1;,
2007;caracteristiques;agg;int64;83850;0;0.000000;datasets/baac/2007/Caract_2007.csv;latin-1;,
2007;caracteristiques;an;int64;83850;0;0.000000;datasets/baac/2007/Caract_2007.csv;latin-1;,
2007;caracteristiques;atm;int64;83850;0;0.000000;datasets/baac/2007/Caract_2007.csv;latin-1;,
2007;caracteristiques;col;int64;83850;0;0.000000;datasets/baac/2007/Caract_2007.csv;latin-1;,
2007;caracteristiques;com;int64;83850;0;0.000000;datasets/baac/2007/Caract_2007.csv;latin-1;,
2007;caracteristiques;dep;int64;83850;0;0.000000;datasets/baac/2007/Caract_2007.csv;latin-1;,
2007;caracteristiques;gps;str;83850;60213;0.718104;datasets/baac/2007/Caract_2007.csv;latin-1;,
2007;caracteristiques;hrmn;int64;83850;0;0.000000;datasets/baac/2007/Caract_2007.csv;latin-1;,
2007;caracteristiques;int;int64;83850;0;0.000000;datasets/baac/2007/Caract_2007.csv;latin-1;,
2007;caracteristiques;jour;int64;83850;0;0.000000;datasets/baac/2007/Caract_2007.csv;latin-1;,
2007;caracteristiques;lat;float64;83850;60299;0.719129;datasets/baac/2007/Caract_2007.csv;latin-1;,
2007;caracteristiques;long;float64;83850;60299;0.719129;datasets/baac/2007/Caract_2007.csv;latin-1;,
2007;caracteristiques;lum;int64;83850;0;0.000000;datasets/baac/2007/Caract_2007.csv;latin-1;,
2007;caracteristiques;mois;int64;83850;0;0.000000;datasets/baac/2007/Caract_2007.csv;latin-1;,
2007;lieux;Num_Acc;int64;83850;0;0.000000;datasets/baac/2007/Lieux_2007.csv;utf-8-sig;,
2007;lieux;catr;int64;83850;0;0.000000;datasets/baac/2007/Lieux_2007.csv;utf-8-sig;,
2007;lieux;circ;int64;83850;0;0.000000;datasets/baac/2007/Lieux_2007.csv;utf-8-sig;,
2007;lieux;env1;int64;83850;0;0.000000;datasets/baac/2007/Lieux_2007.csv;utf-8-sig;,
2007;lieux;infra;int64;83850;0;0.000000;datasets/baac/2007/Lieux_2007.csv;utf-8-sig;,
2007;lieux;larrout;int64;83850;0;0.000000;datasets/baac/2007/Lieux_2007.csv;utf-8-sig;,
2007;lieux;lartpc;int64;83850;0;0.000000;datasets/baac/2007/Lieux_2007.csv;utf-8-sig;,
2007;lieux;nbv;int64;83850;0;0.000000;datasets/baac/2007/Lieux_2007.csv;utf-8-sig;,
2007;lieux;plan;int64;83850;0;0.000000;datasets/baac/2007/Lieux_2007.csv;utf-8-sig;,
2007;lieux;pr;float64;83850;44861;0.535015;datasets/baac/2007/Lieux_2007.csv;utf-8-sig;,
2007;lieux;pr1;float64;83850;44861;0.535015;datasets/baac/2007/Lieux_2007.csv;utf-8-sig;,
2007;lieux;prof;int64;83850;0;0.000000;datasets/baac/2007/Lieux_2007.csv;utf-8-sig;,
2007;lieux;situ;int64;83850;0;0.000000;datasets/baac/2007/Lieux_2007.csv;utf-8-sig;,
2007;lieux;surf;int64;83850;0;0.000000;datasets/baac/2007/Lieux_2007.csv;utf-8-sig;,
2007;lieux;v1;float64;83850;6;0.000072;datasets/baac/2007/Lieux_2007.csv;utf-8-sig;,
2007;lieux;v2;str;83850;78721;0.938831;datasets/baac/2007/Lieux_2007.csv;utf-8-sig;,
2007;lieux;voie;float64;83850;3347;0.039917;datasets/baac/2007/Lieux_2007.csv;utf-8-sig;,
2007;lieux;vosp;int64;83850;0;0.000000;datasets/baac/2007/Lieux_2007.csv;utf-8-sig;,
2007;usagers;Num_Acc;int64;188457;0;0.000000;datasets/baac/2007/Usagers_2007.csv;utf-8-sig;,
2007;usagers;actp;int64;188457;0;0.000000;datasets/baac/2007/Usagers_2007.csv;utf-8-sig;,
2007;usagers;an_nais;float64;188457;309;0.001640;datasets/baac/2007/Usagers_2007.csv;utf-8-sig;,
2007;usagers;catu;int64;188457;0;0.000000;datasets/baac/2007/Usagers_2007.csv;utf-8-sig;,
2007;usagers;etatp;int64;188457;0;0.000000;datasets/baac/2007/Usagers_2007.csv;utf-8-sig;,
2007;usagers;grav;int64;188457;0;0.000000;datasets/baac/2007/Usagers_2007.csv;utf-8-sig;,
2007;usagers;locp;int64;188457;0;0.000000;datasets/baac/2007/Usagers_2007.csv;utf-8-sig;,
2007;usagers;num_veh;str;188457;0;0.000000;datasets/baac/2007/Usagers_2007.csv;utf-8-sig;,
2007;usagers;place;int64;188457;0;0.000000;datasets/baac/2007/Usagers_2007.csv;utf-8-sig;,
2007;usagers;secu;int64;188457;0;0.000000;datasets/baac/2007/Usagers_2007.csv;utf-8-sig;,
2007;usagers;sexe;int64;188457;0;0.000000;datasets/baac/2007/Usagers_2007.csv;utf-8-sig;,
2007;usagers;trajet;int64;188457;0;0.000000;datasets/baac/2007/Usagers_2007.csv;utf-8-sig;,
2007;vehicules;Num_Acc;int64;144130;0;0.000000;datasets/baac/2007/Vehicules_2007.csv;utf-8-sig;,
2007;vehicules;catv;int64;144130;0;0.000000;datasets/baac/2007/Vehicules_2007.csv;utf-8-sig;,
2007;vehicules;choc;int64;144130;0;0.000000;datasets/baac/2007/Vehicules_2007.csv;utf-8-sig;,
2007;vehicules;manv;int64;144130;0;0.000000;datasets/baac/2007/Vehicules_2007.csv;utf-8-sig;,
2007;vehicules;num_veh;str;144130;0;0.000000;datasets/baac/2007/Vehicules_2007.csv;utf-8-sig;,
2007;vehicules;obs;int64;144130;0;0.000000;datasets/baac/2007/Vehicules_2007.csv;utf-8-sig;,
2007;vehicules;obsm;int64;144130;0;0.000000;datasets/baac/2007/Vehicules_2007.csv;utf-8-sig;,
2007;vehicules;occutc;int64;144130;0;0.000000;datasets/baac/2007/Vehicules_2007.csv;utf-8-sig;,
2007;vehicules;senc;int64;144130;0;0.000000;datasets/baac/2007/Vehicules_2007.csv;utf-8-sig;,
2008;caracteristiques;Num_Acc;int64;76767;0;0.000000;datasets/baac/2008/Caract_2008.csv;latin-1;,
2008;caracteristiques;adr;str;76767;14879;0.193820;datasets/baac/2008/Caract_2008.csv;latin-1;,
2008;caracteristiques;agg;int64;76767;0;0.000000;datasets/baac/2008/Caract_2008.csv;latin-1;,
2008;caracteristiques;an;int64;76767;0;0.000000;datasets/baac/2008/Caract_2008.csv;latin-1;,
2008;caracteristiques;atm;int64;76767;0;0.000000;datasets/baac/2008/Caract_2008.csv;latin-1;,
2008;caracteristiques;col;int64;76767;0;0.000000;datasets/baac/2008/Caract_2008.csv;latin-1;,
2008;caracteristiques;com;int64;76767;0;0.000000;datasets/baac/2008/Caract_2008.csv;latin-1;,
2008;caracteristiques;dep;int64;76767;0;0.000000;datasets/baac/2008/Caract_2008.csv;latin-1;,
2008;caracteristiques;gps;str;76767;55029;0.716831;datasets/baac/2008/Caract_2008.csv;latin-1;,
2008;caracteristiques;hrmn;int64;76767;0;0.000000;datasets/baac/2008/Caract_2008.csv;latin-1;,
2008;caracteristiques;int;int64;76767;0;0.000000;datasets/baac/2008/Caract_2008.csv;latin-1;,
2008;caracteristiques;jour;int64;76767;0;0.000000;datasets/baac/2008/Caract_2008.csv;latin-1;,
2008;caracteristiques;lat;float64;76767;55123;0.718056;datasets/baac/2008/Caract_2008.csv;latin-1;,
2008;caracteristiques;long;float64;76767;55123;0.718056;datasets/baac/2008/Caract_2008.csv;latin-1;,
2008;caracteristiques;lum;int64;76767;0;0.000000;datasets/baac/2008/Caract_2008.csv;latin-1;,
2008;caracteristiques;mois;int64;76767;0;0.000000;datasets/baac/2008/Caract_2008.csv;latin-1;,
2008;lieux;Num_Acc;int64;76767;0;0.000000;datasets/baac/2008/Lieux_2008.csv;utf-8-sig;,
2008;lieux;catr;int64;76767;0;0.000000;datasets/baac/2008/Lieux_2008.csv;utf-8-sig;,
2008;lieux;circ;int64;76767;0;0.000000;datasets/baac/2008/Lieux_2008.csv;utf-8-sig;,
2008;lieux;env1;int64;76767;0;0.000000;datasets/baac/2008/Lieux_2008.csv;utf-8-sig;,
2008;lieux;infra;int64;76767;0;0.000000;datasets/baac/2008/Lieux_2008.csv;utf-8-sig;,
2008;lieux;larrout;int64;76767;0;0.000000;datasets/baac/2008/Lieux_2008.csv;utf-8-sig;,
2008;lieux;lartpc;int64;76767;0;0.000000;datasets/baac/2008/Lieux_2008.csv;utf-8-sig;,
2008;lieux;nbv;int64;76767;0;0.000000;datasets/baac/2008/Lieux_2008.csv;utf-8-sig;,
2008;lieux;plan;int64;76767;0;0.000000;datasets/baac/2008/Lieux_2008.csv;utf-8-sig;,
2008;lieux;pr;float64;76767;45142;0.588039;datasets/baac/2008/Lieux_2008.csv;utf-8-sig;,
2008;lieux;pr1;float64;76767;45141;0.588026;datasets/baac/2008/Lieux_2008.csv;utf-8-sig;,
2008;lieux;prof;int64;76767;0;0.000000;datasets/baac/2008/Lieux_2008.csv;utf-8-sig;,
2008;lieux;situ;int64;76767;0;0.000000;datasets/baac/2008/Lieux_2008.csv;utf-8-sig;,
2008;lieux;surf;int64;76767;0;0.000000;datasets/baac/2008/Lieux_2008.csv;utf-8-sig;,
2008;lieux;v1;float64;76767;10;0.000130;datasets/baac/2008/Lieux_2008.csv;utf-8-sig;,
2008;lieux;v2;str;76767;72577;0.945419;datasets/baac/2008/Lieux_2008.csv;utf-8-sig;,
2008;lieux;voie;float64;76767;5;0.000065;datasets/baac/2008/Lieux_2008.csv;utf-8-sig;,
2008;lieux;vosp;int64;76767;0;0.000000;datasets/baac/2008/Lieux_2008.csv;utf-8-sig;,
2008;usagers;Num_Acc;int64;170960;0;0.000000;datasets/baac/2008/Usagers_2008.csv;utf-8-sig;,
2008;usagers;actp;int64;170960;0;0.000000;datasets/baac/2008/Usagers_2008.csv;utf-8-sig;,
2008;usagers;an_nais;float64;170960;51;0.000298;datasets/baac/2008/Usagers_2008.csv;utf-8-sig;,
2008;usagers;catu;int64;170960;0;0.000000;datasets/baac/2008/Usagers_2008.csv;utf-8-sig;,
2008;usagers;etatp;int64;170960;0;0.000000;datasets/baac/2008/Usagers_2008.csv;utf-8-sig;,
2008;usagers;grav;int64;170960;0;0.000000;datasets/baac/2008/Usagers_2008.csv;utf-8-sig;,
2008;usagers;locp;int64;170960;0;0.000000;datasets/baac/2008/Usagers_2008.csv;utf-8-sig;,
2008;usagers;num_veh;str;170960;0;0.000000;datasets/baac/2008/Usagers_2008.csv;utf-8-sig;,
2008;usagers;place;int64;170960;0;0.000000;datasets/baac/2008/Usagers_2008.csv;utf-8-sig;,
2008;usagers;secu;int64;170960;0;0.000000;datasets/baac/2008/Usagers_2008.csv;utf-8-sig;,
2008;usagers;sexe;int64;170960;0;0.000000;datasets/baac/2008/Usagers_2008.csv;utf-8-sig;,
2008;usagers;trajet;int64;170960;0;0.000000;datasets/baac/2008/Usagers_2008.csv;utf-8-sig;,
2008;vehicules;Num_Acc;int64;131048;0;0.000000;datasets/baac/2008/Vehicules_2008.csv;utf-8-sig;,
2008;vehicules;catv;int64;131048;0;0.000000;datasets/baac/2008/Vehicules_2008.csv;utf-8-sig;,
2008;vehicules;choc;int64;131048;0;0.000000;datasets/baac/2008/Vehicules_2008.csv;utf-8-sig;,
2008;vehicules;manv;int64;131048;0;0.000000;datasets/baac/2008/Vehicules_2008.csv;utf-8-sig;,
2008;vehicules;num_veh;str;131048;0;0.000000;datasets/baac/2008/Vehicules_2008.csv;utf-8-sig;,
2008;vehicules;obs;int64;131048;0;0.000000;datasets/baac/2008/Vehicules_2008.csv;utf-8-sig;,
2008;vehicules;obsm;int64;131048;0;0.000000;datasets/baac/2008/Vehicules_2008.csv;utf-8-sig;,
2008;vehicules;occutc;int64;131048;0;0.000000;datasets/baac/2008/Vehicules_2008.csv;utf-8-sig;,
2008;vehicules;senc;int64;131048;0;0.000000;datasets/baac/2008/Vehicules_2008.csv;utf-8-sig;,
2009;caracteristiques;Num_Acc;int64;74409;0;0.000000;datasets/baac/2009/Caract_2009.csv;utf-8-sig;	
2009;caracteristiques;adr;str;74409;12878;0.173070;datasets/baac/2009/Caract_2009.csv;utf-8-sig;	
2009;caracteristiques;agg;int64;74409;0;0.000000;datasets/baac/2009/Caract_2009.csv;utf-8-sig;	
2009;caracteristiques;an;int64;74409;0;0.000000;datasets/baac/2009/Caract_2009.csv;utf-8-sig;	
2009;caracteristiques;atm;float64;74409;7;0.000094;datasets/baac/2009/Caract_2009.csv;utf-8-sig;	
2009;caracteristiques;col;int64;74409;0;0.000000;datasets/baac/2009/Caract_2009.csv;utf-8-sig;	
2009;caracteristiques;com;int64;74409;0;0.000000;datasets/baac/2009/Caract_2009.csv;utf-8-sig;	
2009;caracteristiques;dep;int64;74409;0;0.000000;datasets/baac/2009/Caract_2009.csv;utf-8-sig;	
2009;caracteristiques;gps;str;74409;40803;0.548361;datasets/baac/2009/Caract_2009.csv;utf-8-sig;	
2009;caracteristiques;hrmn;int64;74409;0;0.000000;datasets/baac/2009/Caract_2009.csv;utf-8-sig;	
2009;caracteristiques;int;int64;74409;0;0.000000;datasets/baac/2009/Caract_2009.csv;utf-8-sig;	
2009;caracteristiques;jour;int64;74409;0;0.000000;datasets/baac/2009/Caract_2009.csv;utf-8-sig;	
2009;caracteristiques;lat;float64;74409;40911;0.549813;datasets/baac/2009/Caract_2009.csv;utf-8-sig;	
2009;caracteristiques;long;str;74409;40911;0.549813;datasets/baac/2009/Caract_2009.csv;utf-8-sig;	
2009;caracteristiques;lum;int64;74409;0;0.000000;datasets/baac/2009/Caract_2009.csv;utf-8-sig;	
2009;caracteristiques;mois;int64;74409;0;0.000000;datasets/baac/2009/Caract_2009.csv;utf-8-sig;	
2009;lieux;Num_Acc;int64;74409;0;0.000000;datasets/baac/2009/Lieux_2009.csv;utf-8-sig;,
2009;lieux;catr;int64;74409;0;0.000000;datasets/baac/2009/Lieux_2009.csv;utf-8-sig;,
2009;lieux;circ;float64;74409;61;0.000820;datasets/baac/2009/Lieux_2009.csv;utf-8-sig;,
2009;lieux;env1;float64;74409;149;0.002002;datasets/baac/2009/Lieux_2009.csv;utf-8-sig;,
2009;lieux;infra;float64;74409;168;0.002258;datasets/baac/2009/Lieux_2009.csv;utf-8-sig;,
2009;lieux;larrout;float64;74409;359;0.004825;datasets/baac/2009/Lieux_2009.csv;utf-8-sig;,
2009;lieux;lartpc;float64;74409;540;0.007257;datasets/baac/2009/Lieux_2009.csv;utf-8-sig;,
2009;lieux;nbv;float64;74409;642;0.008628;datasets/baac/2009/Lieux_2009.csv;utf-8-sig;,
2009;lieux;plan;float64;74409;75;0.001008;datasets/baac/2009/Lieux_2009.csv;utf-8-sig;,
2009;lieux;pr;float64;74409;27885;0.374753;datasets/baac/2009/Lieux_2009.csv;utf-8-sig;,
2009;lieux;pr1;float64;74409;28193;0.378892;datasets/baac/2009/Lieux_2009.csv;utf-8-sig;,
2009;lieux;prof;float64;74409;79;0.001062;datasets/baac/2009/Lieux_2009.csv;utf-8-sig;,
2009;lieux;situ;float64;74409;59;0.000793;datasets/baac/2009/Lieux_2009.csv;utf-8-sig;,
2009;lieux;surf;float64;74409;68;0.000914;datasets/baac/2009/Lieux_2009.csv;utf-8-sig;,
2009;lieux;v1;float64;74409;74075;0.995511;datasets/baac/2009/Lieux_2009.csv;utf-8-sig;,
2009;lieux;v2;str;74409;71115;0.955731;datasets/baac/2009/Lieux_2009.csv;utf-8-sig;,
2009;lieux;voie;float64;74409;1478;0.019863;datasets/baac/2009/Lieux_2009.csv;utf-8-sig;,
2009;lieux;vosp;float64;74409;258;0.003467;datasets/baac/2009/Lieux_2009.csv;utf-8-sig;,
2009;usagers;Num_Acc;int64;165962;0;0.000000;datasets/baac/2009/Usagers_2009.csv;utf-8-sig;,
2009;usagers;actp;float64;165962;600;0.003615;datasets/baac/2009/Usagers_2009.csv;utf-8-sig;,
2009;usagers;an_nais;float64;165962;14;0.000084;datasets/baac/2009/Usagers_2009.csv;utf-8-sig;,
2009;usagers;catu;int64;165962;0;0.000000;datasets/baac/2009/Usagers_2009.csv;utf-8-sig;,
2009;usagers;etatp;float64;165962;558;0.003362;datasets/baac/2009/Usagers_2009.csv;utf-8-sig;,
2009;usagers;grav;int64;165962;0;0.000000;datasets/baac/2009/Usagers_2009.csv;utf-8-sig;,
2009;usagers;locp;float64;165962;593;0.003573;datasets/baac/2009/Usagers_2009.csv;utf-8-sig;,
2009;usagers;num_veh;str;165962;0;0.000000;datasets/baac/2009/Usagers_2009.csv;utf-8-sig;,
2009;usagers;place;float64;165962;13632;0.082139;datasets/baac/2009/Usagers_2009.csv;utf-8-sig;,
2009;usagers;secu;float64;165962;5009;0.030182;datasets/baac/2009/Usagers_2009.csv;utf-8-sig;,
2009;usagers;sexe;int64;165962;0;0.000000;datasets/baac/2009/Usagers_2009.csv;utf-8-sig;,
2009;usagers;trajet;float64;165962;97;0.000584;datasets/baac/2009/Usagers_2009.csv;utf-8-sig;,
2009;vehicules;Num_Acc;int64;126347;0;0.000000;datasets/baac/2009/Vehicules_2009.csv;utf-8-sig;,
2009;vehicules;catv;int64;126347;0;0.000000;datasets/baac/2009/Vehicules_2009.csv;utf-8-sig;,
2009;vehicules;choc;float64;126347;48;0.000380;datasets/baac/2009/Vehicules_2009.csv;utf-8-sig;,
2009;vehicules;manv;float64;126347;79;0.000625;datasets/baac/2009/Vehicules_2009.csv;utf-8-sig;,
2009;vehicules;num_veh;str;126347;0;0.000000;datasets/baac/2009/Vehicules_2009.csv;utf-8-sig;,
2009;vehicules;obs;float64;126347;263;0.002082;datasets/baac/2009/Vehicules_2009.csv;utf-8-sig;,
2009;vehicules;obsm;float64;126347;125;0.000989;datasets/baac/2009/Vehicules_2009.csv;utf-8-sig;,
2009;vehicules;occutc;int64;126347;0;0.000000;datasets/baac/2009/Vehicules_2009.csv;utf-8-sig;,
2009;vehicules;senc;int64;126347;0;0.000000;datasets/baac/2009/Vehicules_2009.csv;utf-8-sig;,
2010;caracteristiques;Num_Acc;int64;69379;0;0.000000;datasets/baac/2010/Caract_2010.csv;latin-1;,
2010;caracteristiques;adr;str;69379;11537;0.166290;datasets/baac/2010/Caract_2010.csv;latin-1;,
2010;caracteristiques;agg;int64;69379;0;0.000000;datasets/baac/2010/Caract_2010.csv;latin-1;,
2010;caracteristiques;an;int64;69379;0;0.000000;datasets/baac/2010/Caract_2010.csv;latin-1;,
2010;caracteristiques;atm;float64;69379;3;0.000043;datasets/baac/2010/Caract_2010.csv;latin-1;,
2010;caracteristiques;col;float64;69379;3;0.000043;datasets/baac/2010/Caract_2010.csv;latin-1;,
2010;caracteristiques;com;int64;69379;0;0.000000;datasets/baac/2010/Caract_2010.csv;latin-1;,
2010;caracteristiques;dep;int64;69379;0;0.000000;datasets/baac/2010/Caract_2010.csv;latin-1;,
2010;caracteristiques;gps;str;69379;37654;0.542729;datasets/baac/2010/Caract_2010.csv;latin-1;,
2010;caracteristiques;hrmn;int64;69379;0;0.000000;datasets/baac/2010/Caract_2010.csv;latin-1;,
2010;caracteristiques;int;int64;69379;0;0.000000;datasets/baac/2010/Caract_2010.csv;latin-1;,
2010;caracteristiques;jour;int64;69379;0;0.000000;datasets/baac/2010/Caract_2010.csv;latin-1;,
2010;caracteristiques;lat;float64;69379;37816;0.545064;datasets/baac/2010/Caract_2010.csv;latin-1;,
2010;caracteristiques;long;float64;69379;37816;0.545064;datasets/baac/2010/Caract_2010.csv;latin-1;,
2010;caracteristiques;lum;int64;69379;0;0.000000;datasets/baac/2010/Caract_2010.csv;latin-1;,
2010;caracteristiques;mois;int64;69379;0;0.000000;datasets/baac/2010/Caract_2010.csv;latin-1;,
2010;lieux;Num_Acc;int64;69379;0;0.000000;datasets/baac/2010/Lieux_2010.csv;utf-8-sig;,
2010;lieux;catr;int64;69379;0;0.000000;datasets/baac/2010/Lieux_2010.csv;utf-8-sig;,
2010;lieux;circ;float64;69379;44;0.000634;datasets/baac/2010/Lieux_2010.csv;utf-8-sig;,
2010;lieux;env1;float64;69379;71;0.001023;datasets/baac/2010/Lieux_2010.csv;utf-8-sig;,
2010;lieux;infra;float64;69379;58;0.000836;datasets/baac/2010/Lieux_2010.csv;utf-8-sig;,
2010;lieux;larrout;float64;69379;369;0.005319;datasets/baac/2010/Lieux_2010.csv;utf-8-sig;,
2010;lieux;lartpc;float64;69379;466;0.006717;datasets/baac/2010/Lieux_2010.csv;utf-8-sig;,
2010;lieux;nbv;float64;69379;102;0.001470;datasets/baac/2010/Lieux_2010.csv;utf-8-sig;,
2010;lieux;plan;float64;69379;43;0.000620;datasets/baac/2010/Lieux_2010.csv;utf-8-sig;,
2010;lieux;pr;float64;69379;28108;0.405137;datasets/baac/2010/Lieux_2010.csv;utf-8-sig;,
2010;lieux;pr1;float64;69379;28224;0.406809;datasets/baac/2010/Lieux_2010.csv;utf-8-sig;,
2010;lieux;prof;float64;69379;43;0.000620;datasets/baac/2010/Lieux_2010.csv;utf-8-sig;,
2010;lieux;situ;float64;69379;31;0.000447;datasets/baac/2010/Lieux_2010.csv;utf-8-sig;,
2010;lieux;surf;float64;69379;42;0.000605;datasets/baac/2010/Lieux_2010.csv;utf-8-sig;,
2010;lieux;v1;float64;69379;69126;0.996353;datasets/baac/2010/Lieux_2010.csv;utf-8-sig;,
2010;lieux;v2;str;69379;67339;0.970596;datasets/baac/2010/Lieux_2010.csv;utf-8-sig;,
2010;lieux;voie;float64;69379;1549;0.022327;datasets/baac/2010/Lieux_2010.csv;utf-8-sig;,
2010;lieux;vosp;float64;69379;111;0.001600;datasets/baac/2010/Lieux_2010.csv;utf-8-sig;,
2010;usagers;Num_Acc;int64;154192;0;0.000000;datasets/baac/2010/Usagers_2010.csv;utf-8-sig;,
2010;usagers;actp;float64;154192;240;0.001557;datasets/baac/2010/Usagers_2010.csv;utf-8-sig;,
2010;usagers;an_nais;float64;154192;53;0.000344;datasets/baac/2010/Usagers_2010.csv;utf-8-sig;,
2010;usagers;catu;int64;154192;0;0.000000;datasets/baac/2010/Usagers_2010.csv;utf-8-sig;,
2010;usagers;etatp;float64;154192;220;0.001427;datasets/baac/2010/Usagers_2010.csv;utf-8-sig;,
2010;usagers;grav;int64;154192;0;0.000000;datasets/baac/2010/Usagers_2010.csv;utf-8-sig;,
2010;usagers;locp;float64;154192;235;0.001524;datasets/baac/2010/Usagers_2010.csv;utf-8-sig;,
2010;usagers;num_veh;str;154192;0;0.000000;datasets/baac/2010/Usagers_2010.csv;utf-8-sig;,
2010;usagers;place;float64;154192;13232;0.085815;datasets/baac/2010/Usagers_2010.csv;utf-8-sig;,
2010;usagers;secu;float64;154192;4191;0.027180;datasets/baac/2010/Usagers_2010.csv;utf-8-sig;,
2010;usagers;sexe;int64;154192;0;0.000000;datasets/baac/2010/Usagers_2010.csv;utf-8-sig;,
2010;usagers;trajet;float64;154192;69;0.000447;datasets/baac/2010/Usagers_2010.csv;utf-8-sig;,
2010;vehicules;Num_Acc;int64;117743;0;0.000000;datasets/baac/2010/Vehicules_2010.csv;utf-8-sig;,
2010;vehicules;catv;int64;117743;0;0.000000;datasets/baac/2010/Vehicules_2010.csv;utf-8-sig;,
2010;vehicules;choc;float64;117743;17;0.000144;datasets/baac/2010/Vehicules_2010.csv;utf-8-sig;,
2010;vehicules;manv;float64;117743;13;0.000110;datasets/baac/2010/Vehicules_2010.csv;utf-8-sig;,
2010;vehicules;num_veh;str;117743;0;0.000000;datasets/baac/2010/Vehicules_2010.csv;utf-8-sig;,
2010;vehicules;obs;float64;117743;85;0.000722;datasets/baac/2010/Vehicules_2010.csv;utf-8-sig;,
2010;vehicules;obsm;float64;117743;51;0.000433;datasets/baac/2010/Vehicules_2010.csv;utf-8-sig;,
2010;vehicules;occutc;int64;117743;0;0.000000;datasets/baac/2010/Vehicules_2010.csv;utf-8-sig;,
2010;vehicules;senc;int64;117743;0;0.000000;datasets/baac/2010/Vehicules_2010.csv;utf-8-sig;,
2011;caracteristiques;Num_Acc;int64;66974;0;0.000000;datasets/baac/2011/Caract_2011.csv;latin-1;,
2011;caracteristiques;adr;str;66974;10920;0.163048;datasets/baac/2011/Caract_2011.csv;latin-1;,
2011;caracteristiques;agg;int64;66974;0;0.000000;datasets/baac/2011/Caract_2011.csv;latin-1;,
2011;caracteristiques;an;int64;66974;0;0.000000;datasets/baac/2011/Caract_2011.csv;latin-1;,
2011;caracteristiques;atm;float64;66974;13;0.000194;datasets/baac/2011/Caract_2011.csv;latin-1;,
2011;caracteristiques;col;float64;66974;6;0.000090;datasets/baac/2011/Caract_2011.csv;latin-1;,
2011;caracteristiques;com;int64;66974;0;0.000000;datasets/baac/2011/Caract_2011.csv;latin-1;,
2011;caracteristiques;dep;int64;66974;0;0.000000;datasets/baac/2011/Caract_2011.csv;latin-1;,
2011;caracteristiques;gps;str;66974;36126;0.539403;datasets/baac/2011/Caract_2011.csv;latin-1;,
2011;caracteristiques;hrmn;int64;66974;0;0.000000;datasets/baac/2011/Caract_2011.csv;latin-1;,
2011;caracteristiques;int;int64;66974;0;0.000000;datasets/baac/2011/Caract_2011.csv;latin-1;,
2011;caracteristiques;jour;int64;66974;0;0.000000;datasets/baac/2011/Caract_2011.csv;latin-1;,
2011;caracteristiques;lat;float64;66974;36283;0.541748;datasets/baac/2011/Caract_2011.csv;latin-1;,
2011;caracteristiques;long;float64;66974;36283;0.541748;datasets/baac/2011/Caract_2011.csv;latin-1;,
2011;caracteristiques;lum;int64;66974;0;0.000000;datasets/baac/2011/Caract_2011.csv;latin-1;,
2011;caracteristiques;mois;int64;66974;0;0.000000;datasets/baac/2011/Caract_2011.csv;latin-1;,
2011;lieux;Num_Acc;int64;66974;0;0.000000;datasets/baac/2011/Lieux_2011.csv;utf-8-sig;,
2011;lieux;catr;int64;66974;0;0.000000;datasets/baac/2011/Lieux_2011.csv;utf-8-sig;,
2011;lieux;circ;float64;66974;116;0.001732;datasets/baac/2011/Lieux_2011.csv;utf-8-sig;,
2011;lieux;env1;float64;66974;129;0.001926;datasets/baac/2011/Lieux_2011.csv;utf-8-sig;,
2011;lieux;infra;float64;66974;130;0.001941;datasets/baac/2011/Lieux_2011.csv;utf-8-sig;,
2011;lieux;larrout;float64;66974;594;0.008869;datasets/baac/2011/Lieux_2011.csv;utf-8-sig;,
2011;lieux;lartpc;float64;66974;692;0.010332;datasets/baac/2011/Lieux_2011.csv;utf-8-sig;,
2011;lieux;nbv;float64;66974;179;0.002673;datasets/baac/2011/Lieux_2011.csv;utf-8-sig;,
2011;lieux;plan;float64;66974;128;0.001911;datasets/baac/2011/Lieux_2011.csv;utf-8-sig;,
2011;lieux;pr;float64;66974;34395;0.513557;datasets/baac/2011/Lieux_2011.csv;utf-8-sig;,
2011;lieux;pr1;float64;66974;34470;0.514677;datasets/baac/2011/Lieux_2011.csv;utf-8-sig;,
2011;lieux;prof;float64;66974;126;0.001881;datasets/baac/2011/Lieux_2011.csv;utf-8-sig;,
2011;lieux;situ;float64;66974;104;0.001553;datasets/baac/2011/Lieux_2011.csv;utf-8-sig;,
2011;lieux;surf;float64;66974;129;0.001926;datasets/baac/2011/Lieux_2011.csv;utf-8-sig;,
2011;lieux;v1;float64;66974;66726;0.996297;datasets/baac/2011/Lieux_2011.csv;utf-8-sig;,
2011;lieux;v2;str;66974;64964;0.969988;datasets/baac/2011/Lieux_2011.csv;utf-8-sig;,
2011;lieux;voie;float64;66974;4791;0.071535;datasets/baac/2011/Lieux_2011.csv;utf-8-sig;,
2011;lieux;vosp;float64;66974;184;0.002747;datasets/baac/2011/Lieux_2011.csv;utf-8-sig;,
2011;usagers;Num_Acc;int64;148543;0;0.000000;datasets/baac/2011/Usagers_2011.csv;utf-8-sig;,
2011;usagers;actp;float64;148543;233;0.001569;datasets/baac/2011/Usagers_2011.csv;utf-8-sig;,
2011;usagers;an_nais;float64;148543;66;0.000444;datasets/baac/2011/Usagers_2011.csv;utf-8-sig;,
2011;usagers;catu;int64;148543;0;0.000000;datasets/baac/2011/Usagers_2011.csv;utf-8-sig;,
2011;usagers;etatp;float64;148543;226;0.001521;datasets/baac/2011/Usagers_2011.csv;utf-8-sig;,
2011;usagers;grav;int64;148543;0;0.000000;datasets/baac/2011/Usagers_2011.csv;utf-8-sig;,
2011;usagers;locp;float64;148543;227;0.001528;datasets/baac/2011/Usagers_2011.csv;utf-8-sig;,
2011;usagers;num_veh;str;148543;0;0.000000;datasets/baac/2011/Usagers_2011.csv;utf-8-sig;,
2011;usagers;place;float64;148543;13087;0.088102;datasets/baac/2011/Usagers_2011.csv;utf-8-sig;,
2011;usagers;secu;float64;148543;4498;0.030281;datasets/baac/2011/Usagers_2011.csv;utf-8-sig;,
2011;usagers;sexe;int64;148543;0;0.000000;datasets/baac/2011/Usagers_2011.csv;utf-8-sig;,
2011;usagers;trajet;float64;148543;62;0.000417;datasets/baac/2011/Usagers_2011.csv;utf-8-sig;,
2011;vehicules;Num_Acc;int64;113854;0;0.000000;datasets/baac/2011/Vehicules_2011.csv;utf-8-sig;,
2011;vehicules;catv;int64;113854;0;0.000000;datasets/baac/2011/Vehicules_2011.csv;utf-8-sig;,
2011;vehicules;choc;float64;113854;42;0.000369;datasets/baac/2011/Vehicules_2011.csv;utf-8-sig;,
2011;vehicules;manv;float64;113854;51;0.000448;datasets/baac/2011/Vehicules_2011.csv;utf-8-sig;,
2011;vehicules;num_veh;str;113854;0;0.000000;datasets/baac/2011/Vehicules_2011.csv;utf-8-sig;,
2011;vehicules;obs;float64;113854;125;0.001098;datasets/baac/2011/Vehicules_2011.csv;utf-8-sig;,
2011;vehicules;obsm;float64;113854;76;0.000668;datasets/baac/2011/Vehicules_2011.csv;utf-8-sig;,
2011;vehicules;occutc;int64;113854;0;0.000000;datasets/baac/2011/Vehicules_2011.csv;utf-8-sig;,
2011;vehicules;senc;int64;113854;0;0.000000;datasets/baac/2011/Vehicules_2011.csv;utf-8-sig;,
2012;caracteristiques;Num_Acc;int64;62250;0;0.000000;datasets/baac/2012/Caract_2012.csv;latin-1;,
2012;caracteristiques;adr;str;62250;9934;0.159582;datasets/baac/2012/Caract_2012.csv;latin-1;,
2012;caracteristiques;agg;int64;62250;0;0.000000;datasets/baac/2012/Caract_2012.csv;latin-1;,
2012;caracteristiques;an;int64;62250;0;0.000000;datasets/baac/2012/Caract_2012.csv;latin-1;,
2012;caracteristiques;atm;float64;62250;3;0.000048;datasets/baac/2012/Caract_2012.csv;latin-1;,
2012;caracteristiques;col;int64;62250;0;0.000000;datasets/baac/2012/Caract_2012.csv;latin-1;,
2012;caracteristiques;com;int64;62250;0;0.000000;datasets/baac/2012/Caract_2012.csv;latin-1;,
2012;caracteristiques;dep;int64;62250;0;0.000000;datasets/baac/2012/Caract_2012.csv;latin-1;,
2012;caracteristiques;gps;str;62250;32987;0.529912;datasets/baac/2012/Caract_2012.csv;latin-1;,
2012;caracteristiques;hrmn;int64;62250;0;0.000000;datasets/baac/2012/Caract_2012.csv;latin-1;,
2012;caracteristiques;int;int64;62250;0;0.000000;datasets/baac/2012/Caract_2012.csv;latin-1;,
2012;caracteristiques;jour;int64;62250;0;0.000000;datasets/baac/2012/Caract_2012.csv;latin-1;,
2012;caracteristiques;lat;float64;62250;34387;0.552402;datasets/baac/2012/Caract_2012.csv;latin-1;,
2012;caracteristiques;long;float64;62250;34391;0.552466;datasets/baac/2012/Caract_2012.csv;latin-1;,
2012;caracteristiques;lum;int64;62250;0;0.000000;datasets/baac/2012/Caract_2012.csv;latin-1;,
2012;caracteristiques;mois;int64;62250;0;0.000000;datasets/baac/2012/Caract_2012.csv;latin-1;,
2012;lieux;Num_Acc;int64;62250;0;0.000000;datasets/baac/2012/Lieux_2012.csv;utf-8-sig;,
2012;lieux;catr;int64;62250;0;0.000000;datasets/baac/2012/Lieux_2012.csv;utf-8-sig;,
2012;lieux;circ;float64;62250;220;0.003534;datasets/baac/2012/Lieux_2012.csv;utf-8-sig;,
2012;lieux;env1;float64;62250;269;0.004321;datasets/baac/2012/Lieux_2012.csv;utf-8-sig;,
2012;lieux;infra;float64;62250;276;0.004434;datasets/baac/2012/Lieux_2012.csv;utf-8-sig;,
2012;lieux;larrout;float64;62250;923;0.014827;datasets/baac/2012/Lieux_2012.csv;utf-8-sig;,
2012;lieux;lartpc;float64;62250;1123;0.018040;datasets/baac/2012/Lieux_2012.csv;utf-8-sig;,
2012;lieux;nbv;float64;62250;264;0.004241;datasets/baac/2012/Lieux_2012.csv;utf-8-sig;,
2012;lieux;plan;float64;62250;273;0.004386;datasets/baac/2012/Lieux_2012.csv;utf-8-sig;,
2012;lieux;pr;float64;62250;33753;0.542217;datasets/baac/2012/Lieux_2012.csv;utf-8-sig;,
2012;lieux;pr1;float64;62250;33941;0.545237;datasets/baac/2012/Lieux_2012.csv;utf-8-sig;,
2012;lieux;prof;float64;62250;273;0.004386;datasets/baac/2012/Lieux_2012.csv;utf-8-sig;,
2012;lieux;situ;float64;62250;242;0.003888;datasets/baac/2012/Lieux_2012.csv;utf-8-sig;,
2012;lieux;surf;float64;62250;279;0.004482;datasets/baac/2012/Lieux_2012.csv;utf-8-sig;,
2012;lieux;v1;float64;62250;62000;0.995984;datasets/baac/2012/Lieux_2012.csv;utf-8-sig;,
2012;lieux;v2;str;62250;59823;0.961012;datasets/baac/2012/Lieux_2012.csv;utf-8-sig;,
2012;lieux;voie;float64;62250;7031;0.112948;datasets/baac/2012/Lieux_2012.csv;utf-8-sig;,
2012;lieux;vosp;float64;62250;320;0.005141;datasets/baac/2012/Lieux_2012.csv;utf-8-sig;,
2012;usagers;Num_Acc;int64;138628;0;0.000000;datasets/baac/2012/Usagers_2012.csv;utf-8-sig;,
2012;usagers;actp;float64;138628;173;0.001248;datasets/baac/2012/Usagers_2012.csv;utf-8-sig;,
2012;usagers;an_nais;float64;138628;10;0.000072;datasets/baac/2012/Usagers_2012.csv;utf-8-sig;,
2012;usagers;catu;int64;138628;0;0.000000;datasets/baac/2012/Usagers_2012.csv;utf-8-sig;,
2012;usagers;etatp;float64;138628;167;0.001205;datasets/baac/2012/Usagers_2012.csv;utf-8-sig;,
2012;usagers;grav;int64;138628;0;0.000000;datasets/baac/2012/Usagers_2012.csv;utf-8-sig;,
2012;usagers;locp;float64;138628;169;0.001219;datasets/baac/2012/Usagers_2012.csv;utf-8-sig;,
2012;usagers;num_veh;str;138628;0;0.000000;datasets/baac/2012/Usagers_2012.csv;utf-8-sig;,
2012;usagers;place;float64;138628;12368;0.089217;datasets/baac/2012/Usagers_2012.csv;utf-8-sig;,
2012;usagers;secu;float64;138628;4231;0.030521;datasets/baac/2012/Usagers_2012.csv;utf-8-sig;,
2012;usagers;sexe;int64;138628;0;0.000000;datasets/baac/2012/Usagers_2012.csv;utf-8-sig;,
2012;usagers;trajet;float64;138628;58;0.000418;datasets/baac/2012/Usagers_2012.csv;utf-8-sig;,
2012;vehicules;Num_Acc;int64;105814;0;0.000000;datasets/baac/2012/Vehicules_2012.csv;utf-8-sig;,
2012;vehicules;catv;int64;105814;0;0.000000;datasets/baac/2012/Vehicules_2012.csv;utf-8-sig;,
2012;vehicules;choc;float64;105814;34;0.000321;datasets/baac/2012/Vehicules_2012.csv;utf-8-sig;,
2012;vehicules;manv;float64;105814;45;0.000425;datasets/baac/2012/Vehicules_2012.csv;utf-8-sig;,
2012;vehicules;num_veh;str;105814;0;0.000000;datasets/baac/2012/Vehicules_2012.csv;utf-8-sig;,
2012;vehicules;obs;float64;105814;65;0.000614;datasets/baac/2012/Vehicules_2012.csv;utf-8-sig;,
2012;vehicules;obsm;float64;105814;97;0.000917;datasets/baac/2012/Vehicules_2012.csv;utf-8-sig;,
2012;vehicules;occutc;int64;105814;0;0.000000;datasets/baac/2012/Vehicules_2012.csv;utf-8-sig;,
2012;vehicules;senc;int64;105814;0;0.000000;datasets/baac/2012/Vehicules_2012.csv;utf-8-sig;,
2013;caracteristiques;Num_Acc;int64;58397;0;0.000000;datasets/baac/2013/Caract_2013.csv;latin-1;,
2013;caracteristiques;adr;str;58397;9349;0.160094;datasets/baac/2013/Caract_2013.csv;latin-1;,
2013;caracteristiques;agg;int64;58397;0;0.000000;datasets/baac/2013/Caract_2013.csv;latin-1;,
2013;caracteristiques;an;int64;58397;0;0.000000;datasets/baac/2013/Caract_2013.csv;latin-1;,
2013;caracteristiques;atm;float64;58397;13;0.000223;datasets/baac/2013/Caract_2013.csv;latin-1;,
2013;caracteristiques;col;int64;58397;0;0.000000;datasets/baac/2013/Caract_2013.csv;latin-1;,
2013;caracteristiques;com;int64;58397;0;0.000000;datasets/baac/2013/Caract_2013.csv;latin-1;,
2013;caracteristiques;dep;int64;58397;0;0.000000;datasets/baac/2013/Caract_2013.csv;latin-1;,
2013;caracteristiques;gps;str;58397;29947;0.512817;datasets/baac/2013/Caract_2013.csv;latin-1;,
2013;caracteristiques;hrmn;int64;58397;0;0.000000;datasets/baac/2013/Caract_2013.csv;latin-1;,
2013;caracteristiques;int;int64;58397;0;0.000000;datasets/baac/2013/Caract_2013.csv;latin-1;,
2013;caracteristiques;jour;int64;58397;0;0.000000;datasets/baac/2013/Caract_2013.csv;latin-1;,
2013;caracteristiques;lat;float64;58397;30224;0.517561;datasets/baac/2013/Caract_2013.csv;latin-1;,
2013;caracteristiques;long;float64;58397;30224;0.517561;datasets/baac/2013/Caract_2013.csv;latin-1;,
2013;caracteristiques;lum;int64;58397;0;0.000000;datasets/baac/2013/Caract_2013.csv;latin-1;,
2013;caracteristiques;mois;int64;58397;0;0.000000;datasets/baac/2013/Caract_2013.csv;latin-1;,
2013;lieux;Num_Acc;int64;58397;0;0.000000;datasets/baac/2013/Lieux_2013.csv;utf-8-sig;,
2013;lieux;catr;int64;58397;0;0.000000;datasets/baac/2013/Lieux_2013.csv;utf-8-sig;,
2013;lieux;circ;float64;58397;64;0.001096;datasets/baac/2013/Lieux_2013.csv;utf-8-sig;,
2013;lieux;env1;float64;58397;86;0.001473;datasets/baac/2013/Lieux_2013.csv;utf-8-sig;,
2013;lieux;infra;float64;58397;84;0.001438;datasets/baac/2013/Lieux_2013.csv;utf-8-sig;,
2013;lieux;larrout;float64;58397;1248;0.021371;datasets/baac/2013/Lieux_2013.csv;utf-8-sig;,
2013;lieux;lartpc;float64;58397;1409;0.024128;datasets/baac/2013/Lieux_2013.csv;utf-8-sig;,
2013;lieux;nbv;float64;58397;107;0.001832;datasets/baac/2013/Lieux_2013.csv;utf-8-sig;,
2013;lieux;plan;float64;58397;98;0.001678;datasets/baac/2013/Lieux_2013.csv;utf-8-sig;,
2013;lieux;pr;float64;58397;31906;0.546364;datasets/baac/2013/Lieux_2013.csv;utf-8-sig;,
2013;lieux;pr1;float64;58397;32117;0.549977;datasets/baac/2013/Lieux_2013.csv;utf-8-sig;,
2013;lieux;prof;float64;58397;96;0.001644;datasets/baac/2013/Lieux_2013.csv;utf-8-sig;,
2013;lieux;situ;float64;58397;63;0.001079;datasets/baac/2013/Lieux_2013.csv;utf-8-sig;,
2013;lieux;surf;float64;58397;87;0.001490;datasets/baac/2013/Lieux_2013.csv;utf-8-sig;,
2013;lieux;v1;float64;58397;58184;0.996353;datasets/baac/2013/Lieux_2013.csv;utf-8-sig;,
2013;lieux;v2;str;58397;56690;0.970769;datasets/baac/2013/Lieux_2013.csv;utf-8-sig;,
2013;lieux;voie;float64;58397;4620;0.079114;datasets/baac/2013/Lieux_2013.csv;utf-8-sig;,
2013;lieux;vosp;float64;58397;135;0.002312;datasets/baac/2013/Lieux_2013.csv;utf-8-sig;,
2013;usagers;Num_Acc;int64;128694;0;0.000000;datasets/baac/2013/Usagers_2013.csv;utf-8-sig;,
2013;usagers;actp;float64;128694;138;0.001072;datasets/baac/2013/Usagers_2013.csv;utf-8-sig;,
2013;usagers;an_nais;float64;128694;42;0.000326;datasets/baac/2013/Usagers_2013.csv;utf-8-sig;,
2013;usagers;catu;int64;128694;0;0.000000;datasets/baac/2013/Usagers_2013.csv;utf-8-sig;,
2013;usagers;etatp;float64;128694;160;0.001243;datasets/baac/2013/Usagers_2013.csv;utf-8-sig;,
2013;usagers;grav;int64;128694;0;0.000000;datasets/baac/2013/Usagers_2013.csv;utf-8-sig;,
2013;usagers;locp;float64;128694;110;0.000855;datasets/baac/2013/Usagers_2013.csv;utf-8-sig;,
2013;usagers;num_veh;str;128694;0;0.000000;datasets/baac/2013/Usagers_2013.csv;utf-8-sig;,
2013;usagers;place;float64;128694;12037;0.093532;datasets/baac/2013/Usagers_2013.csv;utf-8-sig;,
2013;usagers;secu;float64;128694;3999;0.031074;datasets/baac/2013/Usagers_2013.csv;utf-8-sig;,
2013;usagers;sexe;int64;128694;0;0.000000;datasets/baac/2013/Usagers_2013.csv;utf-8-sig;,
2013;usagers;trajet;float64;128694;26;0.000202;datasets/baac/2013/Usagers_2013.csv;utf-8-sig;,
2013;vehicules;Num_Acc;int64;98925;0;0.000000;datasets/baac/2013/Vehicules_2013.csv;utf-8-sig;,
2013;vehicules;catv;int64;98925;0;0.000000;datasets/baac/2013/Vehicules_2013.csv;utf-8-sig;,
2013;vehicules;choc;float64;98925;27;0.000273;datasets/baac/2013/Vehicules_2013.csv;utf-8-sig;,
2013;vehicules;manv;float64;98925;39;0.000394;datasets/baac/2013/Vehicules_2013.csv;utf-8-sig;,
2013;vehicules;num_veh;str;98925;0;0.000000;datasets/baac/2013/Vehicules_2013.csv;utf-8-sig;,
2013;vehicules;obs;float64;98925;56;0.000566;datasets/baac/2013/Vehicules_2013.csv;utf-8-sig;,
2013;vehicules;obsm;float64;98925;65;0.000657;datasets/baac/2013/Vehicules_2013.csv;utf-8-sig;,
2013;vehicules;occutc;int64;98925;0;0.000000;datasets/baac/2013/Vehicules_2013.csv;utf-8-sig;,
2013;vehicules;senc;int64;98925;0;0.000000;datasets/baac/2013/Vehicules_2013.csv;utf-8-sig;,
2014;caracteristiques;Num_Acc;int64;59854;0;0.000000;datasets/baac/2014/Caract_2014.csv;latin-1;,
2014;caracteristiques;adr;str;59854;9602;0.160424;datasets/baac/2014/Caract_2014.csv;latin-1;,
2014;caracteristiques;agg;int64;59854;0;0.000000;datasets/baac/2014/Caract_2014.csv;latin-1;,
2014;caracteristiques;an;int64;59854;0;0.000000;datasets/baac/2014/Caract_2014.csv;latin-1;,
2014;caracteristiques;atm;float64;59854;16;0.000267;datasets/baac/2014/Caract_2014.csv;latin-1;,
2014;caracteristiques;col;int64;59854;0;0.000000;datasets/baac/2014/Caract_2014.csv;latin-1;,
2014;caracteristiques;com;int64;59854;0;0.000000;datasets/baac/2014/Caract_2014.csv;latin-1;,
2014;caracteristiques;dep;int64;59854;0;0.000000;datasets/baac/2014/Caract_2014.csv;latin-1;,
2014;caracteristiques;gps;str;59854;28894;0.482741;datasets/baac/2014/Caract_2014.csv;latin-1;,
2014;caracteristiques;hrmn;int64;59854;0;0.000000;datasets/baac/2014/Caract_2014.csv;latin-1;,
2014;caracteristiques;int;int64;59854;0;0.000000;datasets/baac/2014/Caract_2014.csv;latin-1;,
2014;caracteristiques;jour;int64;59854;0;0.000000;datasets/baac/2014/Caract_2014.csv;latin-1;,
2014;caracteristiques;lat;float64;59854;29273;0.489073;datasets/baac/2014/Caract_2014.csv;latin-1;,
2014;caracteristiques;long;float64;59854;29273;0.489073;datasets/baac/2014/Caract_2014.csv;latin-1;,
2014;caracteristiques;lum;int64;59854;0;0.000000;datasets/baac/2014/Caract_2014.csv;latin-1;,
2014;caracteristiques;mois;int64;59854;0;0.000000;datasets/baac/2014/Caract_2014.csv;latin-1;,
2014;lieux;Num_Acc;int64;59854;0;0.000000;datasets/baac/2014/Lieux_2014.csv;utf-8-sig;,
2014;lieux;catr;int64;59854;0;0.000000;datasets/baac/2014/Lieux_2014.csv;utf-8-sig;,
2014;lieux;circ;float64;59854;79;0.001320;datasets/baac/2014/Lieux_2014.csv;utf-8-sig;,
2014;lieux;env1;float64;59854;123;0.002055;datasets/baac/2014/Lieux_2014.csv;utf-8-sig;,
2014;lieux;infra;float64;59854;112;0.001871;datasets/baac/2014/Lieux_2014.csv;utf-8-sig;,
2014;lieux;larrout;float64;59854;1530;0.025562;datasets/baac/2014/Lieux_2014.csv;utf-8-sig;,
2014;lieux;lartpc;float64;59854;1670;0.027901;datasets/baac/2014/Lieux_2014.csv;utf-8-sig;,
2014;lieux;nbv;float64;59854;142;0.002372;datasets/baac/2014/Lieux_2014.csv;utf-8-sig;,
2014;lieux;plan;float64;59854;143;0.002389;datasets/baac/2014/Lieux_2014.csv;utf-8-sig;,
2014;lieux;pr;float64;59854;32641;0.545344;datasets/baac/2014/Lieux_2014.csv;utf-8-sig;,
2014;lieux;pr1;float64;59854;32828;0.548468;datasets/baac/2014/Lieux_2014.csv;utf-8-sig;,
2014;lieux;prof;float64;59854;144;0.002406;datasets/baac/2014/Lieux_2014.csv;utf-8-sig;,
2014;lieux;situ;float64;59854;99;0.001654;datasets/baac/2014/Lieux_2014.csv;utf-8-sig;,
2014;lieux;surf;float64;59854;147;0.002456;datasets/baac/2014/Lieux_2014.csv;utf-8-sig;,
2014;lieux;v1;float64;59854;59610;0.995923;datasets/baac/2014/Lieux_2014.csv;utf-8-sig;,
2014;lieux;v2;str;59854;57994;0.968924;datasets/baac/2014/Lieux_2014.csv;utf-8-sig;,
2014;lieux;voie;float64;59854;3860;0.064490;datasets/baac/2014/Lieux_2014.csv;utf-8-sig;,
2014;lieux;vosp;float64;59854;188;0.003141;datasets/baac/2014/Lieux_2014.csv;utf-8-sig;,
2014;usagers;Num_Acc;int64;132186;0;0.000000;datasets/baac/2014/Usagers_2014.csv;utf-8-sig;,
2014;usagers;actp;float64;132186;185;0.001400;datasets/baac/2014/Usagers_2014.csv;utf-8-sig;,
2014;usagers;an_nais;float64;132186;19;0.000144;datasets/baac/2014/Usagers_2014.csv;utf-8-sig;,
2014;usagers;catu;int64;132186;0;0.000000;datasets/baac/2014/Usagers_2014.csv;utf-8-sig;,
2014;usagers;etatp;float64;132186;172;0.001301;datasets/baac/2014/Usagers_2014.csv;utf-8-sig;,
2014;usagers;grav;int64;132186;0;0.000000;datasets/baac/2014/Usagers_2014.csv;utf-8-sig;,
2014;usagers;locp;float64;132186;146;0.001105;datasets/baac/2014/Usagers_2014.csv;utf-8-sig;,
2014;usagers;num_veh;str;132186;0;0.000000;datasets/baac/2014/Usagers_2014.csv;utf-8-sig;,
2014;usagers;place;float64;132186;12286;0.092945;datasets/baac/2014/Usagers_2014.csv;utf-8-sig;,
2014;usagers;secu;float64;132186;4035;0.030525;datasets/baac/2014/Usagers_2014.csv;utf-8-sig;,
2014;usagers;sexe;int64;132186;0;0.000000;datasets/baac/2014/Usagers_2014.csv;utf-8-sig;,
2014;usagers;trajet;float64;132186;34;0.000257;datasets/baac/2014/Usagers_2014.csv;utf-8-sig;,
2014;vehicules;Num_Acc;int64;101762;0;0.000000;datasets/baac/2014/Vehicules_2014.csv;utf-8-sig;,
2014;vehicules;catv;int64;101762;0;0.000000;datasets/baac/2014/Vehicules_2014.csv;utf-8-sig;,
2014;vehicules;choc;float64;101762;29;0.000285;datasets/baac/2014/Vehicules_2014.csv;utf-8-sig;,
2014;vehicules;manv;float64;101762;40;0.000393;datasets/baac/2014/Vehicules_2014.csv;utf-8-sig;,
2014;vehicules;num_veh;str;101762;0;0.000000;datasets/baac/2014/Vehicules_2014.csv;utf-8-sig;,
2014;vehicules;obs;float64;101762;66;0.000649;datasets/baac/2014/Vehicules_2014.csv;utf-8-sig;,
2014;vehicules;obsm;float64;101762;64;0.000629;datasets/baac/2014/Vehicules_2014.csv;utf-8-sig;,
2014;vehicules;occutc;int64;101762;0;0.000000;datasets/baac/2014/Vehicules_2014.csv;utf-8-sig;,
2014;vehicules;senc;int64;101762;0;0.000000;datasets/baac/2014/Vehicules_2014.csv;utf-8-sig;,
2015;caracteristiques;Num_Acc;int64;58654;0;0.000000;datasets/baac/2015/Caract_2015.csv;latin-1;,
2015;caracteristiques;adr;str;58654;9398;0.160228;datasets/baac/2015/Caract_2015.csv;latin-1;,
2015;caracteristiques;agg;int64;58654;0;0.000000;datasets/baac/2015/Caract_2015.csv;latin-1;,
2015;caracteristiques;an;int64;58654;0;0.000000;datasets/baac/2015/Caract_2015.csv;latin-1;,
2015;caracteristiques;atm;int64;58654;0;0.000000;datasets/baac/2015/Caract_2015.csv;latin-1;,
2015;caracteristiques;col;int64;58654;0;0.000000;datasets/baac/2015/Caract_2015.csv;latin-1;,
2015;caracteristiques;com;int64;58654;0;0.000000;datasets/baac/2015/Caract_2015.csv;latin-1;,
2015;caracteristiques;dep;int64;58654;0;0.000000;datasets/baac/2015/Caract_2015.csv;latin-1;,
2015;caracteristiques;gps;str;58654;21208;0.361578;datasets/baac/2015/Caract_2015.csv;latin-1;,
2015;caracteristiques;hrmn;int64;58654;0;0.000000;datasets/baac/2015/Caract_2015.csv;latin-1;,
2015;caracteristiques;int;int64;58654;0;0.000000;datasets/baac/2015/Caract_2015.csv;latin-1;,
2015;caracteristiques;jour;int64;58654;0;0.000000;datasets/baac/2015/Caract_2015.csv;latin-1;,
2015;caracteristiques;lat;float64;58654;21535;0.367153;datasets/baac/2015/Caract_2015.csv;latin-1;,
2015;caracteristiques;long;float64;58654;21535;0.367153;datasets/baac/2015/Caract_2015.csv;latin-1;,
2015;caracteristiques;lum;int64;58654;0;0.000000;datasets/baac/2015/Caract_2015.csv;latin-1;,
2015;caracteristiques;mois;int64;58654;0;0.000000;datasets/baac/2015/Caract_2015.csv;latin-1;,
2015;lieux;Num_Acc;int64;58654;0;0.000000;datasets/baac/2015/Lieux_2015.csv;utf-8-sig;,
2015;lieux;catr;int64;58654;0;0.000000;datasets/baac/2015/Lieux_2015.csv;utf-8-sig;,
2015;lieux;circ;float64;58654;102;0.001739;datasets/baac/2015/Lieux_2015.csv;utf-8-sig;,
2015;lieux;env1;float64;58654;142;0.002421;datasets/baac/2015/Lieux_2015.csv;utf-8-sig;,
2015;lieux;infra;float64;58654;148;0.002523;datasets/baac/2015/Lieux_2015.csv;utf-8-sig;,
2015;lieux;larrout;float64;58654;1633;0.027841;datasets/baac/2015/Lieux_2015.csv;utf-8-sig;,
2015;lieux;lartpc;float64;58654;1807;0.030808;datasets/baac/2015/Lieux_2015.csv;utf-8-sig;,
2015;lieux;nbv;float64;58654;190;0.003239;datasets/baac/2015/Lieux_2015.csv;utf-8-sig;,
2015;lieux;plan;float64;58654;138;0.002353;datasets/baac/2015/Lieux_2015.csv;utf-8-sig;,
2015;lieux;pr;float64;58654;33813;0.576482;datasets/baac/2015/Lieux_2015.csv;utf-8-sig;,
2015;lieux;pr1;float64;58654;33993;0.579551;datasets/baac/2015/Lieux_2015.csv;utf-8-sig;,
2015;lieux;prof;float64;58654;144;0.002455;datasets/baac/2015/Lieux_2015.csv;utf-8-sig;,
2015;lieux;situ;float64;58654;111;0.001892;datasets/baac/2015/Lieux_2015.csv;utf-8-sig;,
2015;lieux;surf;float64;58654;119;0.002029;datasets/baac/2015/Lieux_2015.csv;utf-8-sig;,
2015;lieux;v1;float64;58654;58221;0.992618;datasets/baac/2015/Lieux_2015.csv;utf-8-sig;,
2015;lieux;v2;str;58654;56754;0.967607;datasets/baac/2015/Lieux_2015.csv;utf-8-sig;,
2015;lieux;voie;float64;58654;4494;0.076619;datasets/baac/2015/Lieux_2015.csv;utf-8-sig;,
2015;lieux;vosp;float64;58654;234;0.003989;datasets/baac/2015/Lieux_2015.csv;utf-8-sig;,
2015;usagers;Num_Acc;int64;130378;0;0.000000;datasets/baac/2015/Usagers_2015.csv;utf-8-sig;,
2015;usagers;actp;float64;130378;110;0.000844;datasets/baac/2015/Usagers_2015.csv;utf-8-sig;,
2015;usagers;an_nais;float64;130378;21;0.000161;datasets/baac/2015/Usagers_2015.csv;utf-8-sig;,
2015;usagers;catu;int64;130378;0;0.000000;datasets/baac/2015/Usagers_2015.csv;utf-8-sig;,
2015;usagers;etatp;float64;130378;108;0.000828;datasets/baac/2015/Usagers_2015.csv;utf-8-sig;,
2015;usagers;grav;int64;130378;0;0.000000;datasets/baac/2015/Usagers_2015.csv;utf-8-sig;,
2015;usagers;locp;float64;130378;95;0.000729;datasets/baac/2015/Usagers_2015.csv;utf-8-sig;,
2015;usagers;num_veh;str;130378;0;0.000000;datasets/baac/2015/Usagers_2015.csv;utf-8-sig;,
2015;usagers;place;float64;130378;11893;0.091219;datasets/baac/2015/Usagers_2015.csv;utf-8-sig;,
2015;usagers;secu;float64;130378;8134;0.062388;datasets/baac/2015/Usagers_2015.csv;utf-8-sig;,
2015;usagers;sexe;int64;130378;0;0.000000;datasets/baac/2015/Usagers_2015.csv;utf-8-sig;,
2015;usagers;trajet;float64;130378;13;0.000100;datasets/baac/2015/Usagers_2015.csv;utf-8-sig;,
2015;vehicules;Num_Acc;int64;99778;0;0.000000;datasets/baac/2015/Vehicules_2015.csv;utf-8-sig;,
2015;vehicules;catv;int64;99778;0;0.000000;datasets/baac/2015/Vehicules_2015.csv;utf-8-sig;,
2015;vehicules;choc;float64;99778;21;0.000210;datasets/baac/2015/Vehicules_2015.csv;utf-8-sig;,
2015;vehicules;manv;float64;99778;32;0.000321;datasets/baac/2015/Vehicules_2015.csv;utf-8-sig;,
2015;vehicules;num_veh;str;99778;0;0.000000;datasets/baac/2015/Vehicules_2015.csv;utf-8-sig;,
2015;vehicules;obs;float64;99778;64;0.000641;datasets/baac/2015/Vehicules_2015.csv;utf-8-sig;,
2015;vehicules;obsm;float64;99778;73;0.000732;datasets/baac/2015/Vehicules_2015.csv;utf-8-sig;,
2015;vehicules;occutc;int64;99778;0;0.000000;datasets/baac/2015/Vehicules_2015.csv;utf-8-sig;,
2015;vehicules;senc;int64;99778;0;0.000000;datasets/baac/2015/Vehicules_2015.csv;utf-8-sig;,
2016;caracteristiques;Num_Acc;int64;59432;0;0.000000;datasets/baac/2016/Caract_2016.csv;latin-1;,
2016;caracteristiques;adr;str;59432;9169;0.154277;datasets/baac/2016/Caract_2016.csv;latin-1;,
2016;caracteristiques;agg;int64;59432;0;0.000000;datasets/baac/2016/Caract_2016.csv;latin-1;,
2016;caracteristiques;an;int64;59432;0;0.000000;datasets/baac/2016/Caract_2016.csv;latin-1;,
2016;caracteristiques;atm;int64;59432;0;0.000000;datasets/baac/2016/Caract_2016.csv;latin-1;,
2016;caracteristiques;col;float64;59432;2;0.000034;datasets/baac/2016/Caract_2016.csv;latin-1;,
2016;caracteristiques;com;int64;59432;0;0.000000;datasets/baac/2016/Caract_2016.csv;latin-1;,
2016;caracteristiques;dep;int64;59432;0;0.000000;datasets/baac/2016/Caract_2016.csv;latin-1;,
2016;caracteristiques;gps;str;59432;12246;0.206051;datasets/baac/2016/Caract_2016.csv;latin-1;,
2016;caracteristiques;hrmn;int64;59432;0;0.000000;datasets/baac/2016/Caract_2016.csv;latin-1;,
2016;caracteristiques;int;int64;59432;0;0.000000;datasets/baac/2016/Caract_2016.csv;latin-1;,
2016;caracteristiques;jour;int64;59432;0;0.000000;datasets/baac/2016/Caract_2016.csv;latin-1;,
2016;caracteristiques;lat;float64;59432;12847;0.216163;datasets/baac/2016/Caract_2016.csv;latin-1;,
2016;caracteristiques;long;float64;59432;12847;0.216163;datasets/baac/2016/Caract_2016.csv;latin-1;,
2016;caracteristiques;lum;int64;59432;0;0.000000;datasets/baac/2016/Caract_2016.csv;latin-1;,
2016;caracteristiques;mois;int64;59432;0;0.000000;datasets/baac/2016/Caract_2016.csv;latin-1;,
2016;lieux;Num_Acc;int64;59432;0;0.000000;datasets/baac/2016/Lieux_2016.csv;utf-8-sig;,
2016;lieux;catr;int64;59432;0;0.000000;datasets/baac/2016/Lieux_2016.csv;utf-8-sig;,
2016;lieux;circ;float64;59432;112;0.001885;datasets/baac/2016/Lieux_2016.csv;utf-8-sig;,
2016;lieux;env1;float64;59432;307;0.005166;datasets/baac/2016/Lieux_2016.csv;utf-8-sig;,
2016;lieux;infra;float64;59432;302;0.005081;datasets/baac/2016/Lieux_2016.csv;utf-8-sig;,
2016;lieux;larrout;float64;59432;1623;0.027309;datasets/baac/2016/Lieux_2016.csv;utf-8-sig;,
2016;lieux;lartpc;float64;59432;1838;0.030926;datasets/baac/2016/Lieux_2016.csv;utf-8-sig;,
2016;lieux;nbv;float64;59432;164;0.002759;datasets/baac/2016/Lieux_2016.csv;utf-8-sig;,
2016;lieux;plan;float64;59432;178;0.002995;datasets/baac/2016/Lieux_2016.csv;utf-8-sig;,
2016;lieux;pr;float64;59432;34469;0.579974;datasets/baac/2016/Lieux_2016.csv;utf-8-sig;,
2016;lieux;pr1;float64;59432;34512;0.580697;datasets/baac/2016/Lieux_2016.csv;utf-8-sig;,
2016;lieux;prof;float64;59432;156;0.002625;datasets/baac/2016/Lieux_2016.csv;utf-8-sig;,
2016;lieux;situ;float64;59432;293;0.004930;datasets/baac/2016/Lieux_2016.csv;utf-8-sig;,
2016;lieux;surf;float64;59432;146;0.002457;datasets/baac/2016/Lieux_2016.csv;utf-8-sig;,
2016;lieux;v1;float64;59432;58974;0.992294;datasets/baac/2016/Lieux_2016.csv;utf-8-sig;,
2016;lieux;v2;str;59432;57390;0.965641;datasets/baac/2016/Lieux_2016.csv;utf-8-sig;,
2016;lieux;voie;str;59432;10580;0.178019;datasets/baac/2016/Lieux_2016.csv;utf-8-sig;,
2016;lieux;vosp;float64;59432;210;0.003533;datasets/baac/2016/Lieux_2016.csv;utf-8-sig;,
2016;usagers;Num_Acc;int64;133422;0;0.000000;datasets/baac/2016/Usagers_2016.csv;utf-8-sig;,
2016;usagers;actp;float64;133422;94;0.000705;datasets/baac/2016/Usagers_2016.csv;utf-8-sig;,
2016;usagers;an_nais;float64;133422;32;0.000240;datasets/baac/2016/Usagers_2016.csv;utf-8-sig;,
2016;usagers;catu;int64;133422;0;0.000000;datasets/baac/2016/Usagers_2016.csv;utf-8-sig;,
2016;usagers;etatp;float64;133422;95;0.000712;datasets/baac/2016/Usagers_2016.csv;utf-8-sig;,
2016;usagers;grav;int64;133422;0;0.000000;datasets/baac/2016/Usagers_2016.csv;utf-8-sig;,
2016;usagers;locp;float64;133422;89;0.000667;datasets/baac/2016/Usagers_2016.csv;utf-8-sig;,
2016;usagers;num_veh;str;133422;0;0.000000;datasets/baac/2016/Usagers_2016.csv;utf-8-sig;,
2016;usagers;place;float64;133422;11831;0.088674;datasets/baac/2016/Usagers_2016.csv;utf-8-sig;,
2016;usagers;secu;float64;133422;9360;0.070153;datasets/baac/2016/Usagers_2016.csv;utf-8-sig;,
2016;usagers;sexe;int64;133422;0;0.000000;datasets/baac/2016/Usagers_2016.csv;utf-8-sig;,
2016;usagers;trajet;float64;133422;10;0.000075;datasets/baac/2016/Usagers_2016.csv;utf-8-sig;,
2016;vehicules;Num_Acc;int64;101924;0;0.000000;datasets/baac/2016/Vehicules_2016.csv;utf-8-sig;,
2016;vehicules;catv;int64;101924;0;0.000000;datasets/baac/2016/Vehicules_2016.csv;utf-8-sig;,
2016;vehicules;choc;float64;101924;11;0.000108;datasets/baac/2016/Vehicules_2016.csv;utf-8-sig;,
2016;vehicules;manv;float64;101924;7;0.000069;datasets/baac/2016/Vehicules_2016.csv;utf-8-sig;,
2016;vehicules;num_veh;str;101924;0;0.000000;datasets/baac/2016/Vehicules_2016.csv;utf-8-sig;,
2016;vehicules;obs;float64;101924;38;0.000373;datasets/baac/2016/Vehicules_2016.csv;utf-8-sig;,
2016;vehicules;obsm;float64;101924;50;0.000491;datasets/baac/2016/Vehicules_2016.csv;utf-8-sig;,
2016;vehicules;occutc;int64;101924;0;0.000000;datasets/baac/2016/Vehicules_2016.csv;utf-8-sig;,
2016;vehicules;senc;float64;101924;72;0.000706;datasets/baac/2016/Vehicules_2016.csv;utf-8-sig;,
2017;caracteristiques;Num_Acc;int64;60701;0;0.000000;datasets/baac/2017/Caract_2017.csv;latin-1;,
2017;caracteristiques;adr;str;60701;822;0.013542;datasets/baac/2017/Caract_2017.csv;latin-1;,
2017;caracteristiques;agg;int64;60701;0;0.000000;datasets/baac/2017/Caract_2017.csv;latin-1;,
2017;caracteristiques;an;int64;60701;0;0.000000;datasets/baac/2017/Caract_2017.csv;latin-1;,
2017;caracteristiques;atm;float64;60701;13;0.000214;datasets/baac/2017/Caract_2017.csv;latin-1;,
2017;caracteristiques;col;float64;60701;6;0.000099;datasets/baac/2017/Caract_2017.csv;latin-1;,
2017;caracteristiques;com;int64;60701;0;0.000000;datasets/baac/2017/Caract_2017.csv;latin-1;,
2017;caracteristiques;dep;int64;60701;0;0.000000;datasets/baac/2017/Caract_2017.csv;latin-1;,
2017;caracteristiques;gps;str;60701;4608;0.075913;datasets/baac/2017/Caract_2017.csv;latin-1;,
2017;caracteristiques;hrmn;int64;60701;0;0.000000;datasets/baac/2017/Caract_2017.csv;latin-1;,
2017;caracteristiques;int;int64;60701;0;0.000000;datasets/baac/2017/Caract_2017.csv;latin-1;,
2017;caracteristiques;jour;int64;60701;0;0.000000;datasets/baac/2017/Caract_2017.csv;latin-1;,
2017;caracteristiques;lat;float64;60701;7731;0.127362;datasets/baac/2017/Caract_2017.csv;latin-1;,
2017;caracteristiques;long;float64;60701;7731;0.127362;datasets/baac/2017/Caract_2017.csv;latin-1;,
2017;caracteristiques;lum;int64;60701;0;0.000000;datasets/baac/2017/Caract_2017.csv;latin-1;,
2017;caracteristiques;mois;int64;60701;0;0.000000;datasets/baac/2017/Caract_2017.csv;latin-1;,
2017;lieux;Num_Acc;int64;60701;0;0.000000;datasets/baac/2017/Lieux_2017.csv;utf-8-sig;,
2017;lieux;catr;int64;60701;0;0.000000;datasets/baac/2017/Lieux_2017.csv;utf-8-sig;,
2017;lieux;circ;float64;60701;371;0.006112;datasets/baac/2017/Lieux_2017.csv;utf-8-sig;,
2017;lieux;env1;float64;60701;3705;0.061037;datasets/baac/2017/Lieux_2017.csv;utf-8-sig;,
2017;lieux;infra;float64;60701;3664;0.060361;datasets/baac/2017/Lieux_2017.csv;utf-8-sig;,
2017;lieux;larrout;float64;60701;2020;0.033278;datasets/baac/2017/Lieux_2017.csv;utf-8-sig;,
2017;lieux;lartpc;float64;60701;2163;0.035634;datasets/baac/2017/Lieux_2017.csv;utf-8-sig;,
2017;lieux;nbv;float64;60701;434;0.007150;datasets/baac/2017/Lieux_2017.csv;utf-8-sig;,
2017;lieux;plan;float64;60701;785;0.012932;datasets/baac/2017/Lieux_2017.csv;utf-8-sig;,
2017;lieux;pr;float64;60701;34494;0.568261;datasets/baac/2017/Lieux_2017.csv;utf-8-sig;,
2017;lieux;pr1;float64;60701;34733;0.572198;datasets/baac/2017/Lieux_2017.csv;utf-8-sig;,
2017;lieux;prof;float64;60701;449;0.007397;datasets/baac/2017/Lieux_2017.csv;utf-8-sig;,
2017;lieux;situ;float64;60701;3474;0.057231;datasets/baac/2017/Lieux_2017.csv;utf-8-sig;,
2017;lieux;surf;float64;60701;465;0.007660;datasets/baac/2017/Lieux_2017.csv;utf-8-sig;,
2017;lieux;v1;float64;60701;60293;0.993279;datasets/baac/2017/Lieux_2017.csv;utf-8-sig;,
2017;lieux;v2;str;60701;58007;0.955619;datasets/baac/2017/Lieux_2017.csv;utf-8-sig;,
2017;lieux;voie;str;60701;9786;0.161216;datasets/baac/2017/Lieux_2017.csv;utf-8-sig;,
2017;lieux;vosp;float64;60701;596;0.009819;datasets/baac/2017/Lieux_2017.csv;utf-8-sig;,
2017;usagers;Num_Acc;int64;136021;0;0.000000;datasets/baac/2017/Usagers_2017.csv;utf-8-sig;,
2017;usagers;actp;float64;136021;43;0.000316;datasets/baac/2017/Usagers_2017.csv;utf-8-sig;,
2017;usagers;an_nais;float64;136021;37;0.000272;datasets/baac/2017/Usagers_2017.csv;utf-8-sig;,
2017;usagers;catu;int64;136021;0;0.000000;datasets/baac/2017/Usagers_2017.csv;utf-8-sig;,
2017;usagers;etatp;float64;136021;66;0.000485;datasets/baac/2017/Usagers_2017.csv;utf-8-sig;,
2017;usagers;grav;int64;136021;0;0.000000;datasets/baac/2017/Usagers_2017.csv;utf-8-sig;,
2017;usagers;locp;float64;136021;46;0.000338;datasets/baac/2017/Usagers_2017.csv;utf-8-sig;,
2017;usagers;num_veh;str;136021;0;0.000000;datasets/baac/2017/Usagers_2017.csv;utf-8-sig;,
2017;usagers;place;float64;136021;11802;0.086766;datasets/baac/2017/Usagers_2017.csv;utf-8-sig;,
2017;usagers;secu;float64;136021;8950;0.065799;datasets/baac/2017/Usagers_2017.csv;utf-8-sig;,
2017;usagers;sexe;int64;136021;0;0.000000;datasets/baac/2017/Usagers_2017.csv;utf-8-sig;,
2017;usagers;trajet;float64;136021;11;0.000081;datasets/baac/2017/Usagers_2017.csv;utf-8-sig;,
2017;vehicules;Num_Acc;int64;103546;0;0.000000;datasets/baac/2017/Vehicules_2017.csv;utf-8-sig;,
2017;vehicules;catv;int64;103546;0;0.000000;datasets/baac/2017/Vehicules_2017.csv;utf-8-sig;,
2017;vehicules;choc;float64;103546;35;0.000338;datasets/baac/2017/Vehicules_2017.csv;utf-8-sig;,
2017;vehicules;manv;float64;103546;30;0.000290;datasets/baac/2017/Vehicules_2017.csv;utf-8-sig;,
2017;vehicules;num_veh;str;103546;0;0.000000;datasets/baac/2017/Vehicules_2017.csv;utf-8-sig;,
2017;vehicules;obs;float64;103546;55;0.000531;datasets/baac/2017/Vehicules_2017.csv;utf-8-sig;,
2017;vehicules;obsm;float64;103546;42;0.000406;datasets/baac/2017/Vehicules_2017.csv;utf-8-sig;,
2017;vehicules;occutc;int64;103546;0;0.000000;datasets/baac/2017/Vehicules_2017.csv;utf-8-sig;,
2017;vehicules;senc;float64;103546;68;0.000657;datasets/baac/2017/Vehicules_2017.csv;utf-8-sig;,
2018;caracteristiques;Num_Acc;int64;57783;0;0.000000;datasets/baac/2018/Caract_2018.csv;latin-1;,
2018;caracteristiques;adr;str;57783;555;0.009605;datasets/baac/2018/Caract_2018.csv;latin-1;,
2018;caracteristiques;agg;int64;57783;0;0.000000;datasets/baac/2018/Caract_2018.csv;latin-1;,
2018;caracteristiques;an;int64;57783;0;0.000000;datasets/baac/2018/Caract_2018.csv;latin-1;,
2018;caracteristiques;atm;float64;57783;5;0.000087;datasets/baac/2018/Caract_2018.csv;latin-1;,
2018;caracteristiques;col;float64;57783;2;0.000035;datasets/baac/2018/Caract_2018.csv;latin-1;,
2018;caracteristiques;com;int64;57783;0;0.000000;datasets/baac/2018/Caract_2018.csv;latin-1;,
2018;caracteristiques;dep;int64;57783;0;0.000000;datasets/baac/2018/Caract_2018.csv;latin-1;,
2018;caracteristiques;gps;str;57783;50;0.000865;datasets/baac/2018/Caract_2018.csv;latin-1;,
2018;caracteristiques;hrmn;int64;57783;0;0.000000;datasets/baac/2018/Caract_2018.csv;latin-1;,
2018;caracteristiques;int;int64;57783;0;0.000000;datasets/baac/2018/Caract_2018.csv;latin-1;,
2018;caracteristiques;jour;int64;57783;0;0.000000;datasets/baac/2018/Caract_2018.csv;latin-1;,
2018;caracteristiques;lat;float64;57783;1823;0.031549;datasets/baac/2018/Caract_2018.csv;latin-1;,
2018;caracteristiques;long;float64;57783;1823;0.031549;datasets/baac/2018/Caract_2018.csv;latin-1;,
2018;caracteristiques;lum;int64;57783;0;0.000000;datasets/baac/2018/Caract_2018.csv;latin-1;,
2018;caracteristiques;mois;int64;57783;0;0.000000;datasets/baac/2018/Caract_2018.csv;latin-1;,
2018;lieux;Num_Acc;int64;57783;0;0.000000;datasets/baac/2018/Lieux_2018.csv;utf-8-sig;,
2018;lieux;catr;int64;57783;0;0.000000;datasets/baac/2018/Lieux_2018.csv;utf-8-sig;,
2018;lieux;circ;float64;57783;405;0.007009;datasets/baac/2018/Lieux_2018.csv;utf-8-sig;,
2018;lieux;env1;float64;57783;459;0.007944;datasets/baac/2018/Lieux_2018.csv;utf-8-sig;,
2018;lieux;infra;float64;57783;466;0.008065;datasets/baac/2018/Lieux_2018.csv;utf-8-sig;,
2018;lieux;larrout;float64;57783;44074;0.762750;datasets/baac/2018/Lieux_2018.csv;utf-8-sig;,
2018;lieux;lartpc;float64;57783;44490;0.769950;datasets/baac/2018/Lieux_2018.csv;utf-8-sig;,
2018;lieux;nbv;float64;57783;507;0.008774;datasets/baac/2018/Lieux_2018.csv;utf-8-sig;,
2018;lieux;plan;float64;57783;420;0.007269;datasets/baac/2018/Lieux_2018.csv;utf-8-sig;,
2018;lieux;pr;float64;57783;15775;0.273004;datasets/baac/2018/Lieux_2018.csv;utf-8-sig;,
2018;lieux;pr1;float64;57783;16048;0.277729;datasets/baac/2018/Lieux_2018.csv;utf-8-sig;,
2018;lieux;prof;float64;57783;439;0.007597;datasets/baac/2018/Lieux_2018.csv;utf-8-sig;,
2018;lieux;situ;float64;57783;494;0.008549;datasets/baac/2018/Lieux_2018.csv;utf-8-sig;,
2018;lieux;surf;float64;57783;442;0.007649;datasets/baac/2018/Lieux_2018.csv;utf-8-sig;,
2018;lieux;v1;float64;57783;57616;0.997110;datasets/baac/2018/Lieux_2018.csv;utf-8-sig;,
2018;lieux;v2;str;57783;55082;0.953256;datasets/baac/2018/Lieux_2018.csv;utf-8-sig;,
2018;lieux;voie;str;57783;21893;0.378883;datasets/baac/2018/Lieux_2018.csv;utf-8-sig;,
2018;lieux;vosp;float64;57783;525;0.009086;datasets/baac/2018/Lieux_2018.csv;utf-8-sig;,
2018;usagers;Num_Acc;int64;130169;0;0.000000;datasets/baac/2018/Usagers_2018.csv;utf-8-sig;,
2018;usagers;actp;float64;130169;54646;0.419808;datasets/baac/2018/Usagers_2018.csv;utf-8-sig;,
2018;usagers;an_nais;float64;130169;30;0.000230;datasets/baac/2018/Usagers_2018.csv;utf-8-sig;,
2018;usagers;catu;int64;130169;0;0.000000;datasets/baac/2018/Usagers_2018.csv;utf-8-sig;,
2018;usagers;etatp;float64;130169;54646;0.419808;datasets/baac/2018/Usagers_2018.csv;utf-8-sig;,
2018;usagers;grav;int64;130169;0;0.000000;datasets/baac/2018/Usagers_2018.csv;utf-8-sig;,
2018;usagers;locp;float64;130169;54651;0.419847;datasets/baac/2018/Usagers_2018.csv;utf-8-sig;,
2018;usagers;num_veh;str;130169;0;0.000000;datasets/baac/2018/Usagers_2018.csv;utf-8-sig;,
2018;usagers;place;float64;130169;10960;0.084198;datasets/baac/2018/Usagers_2018.csv;utf-8-sig;,
2018;usagers;secu;float64;130169;4129;0.031720;datasets/baac/2018/Usagers_2018.csv;utf-8-sig;,
2018;usagers;sexe;int64;130169;0;0.000000;datasets/baac/2018/Usagers_2018.csv;utf-8-sig;,
2018;usagers;trajet;float64;130169;114;0.000876;datasets/baac/2018/Usagers_2018.csv;utf-8-sig;,
2018;vehicules;Num_Acc;int64;98876;0;0.000000;datasets/baac/2018/Vehicules_2018.csv;utf-8-sig;,
2018;vehicules;catv;int64;98876;0;0.000000;datasets/baac/2018/Vehicules_2018.csv;utf-8-sig;,
2018;vehicules;choc;float64;98876;133;0.001345;datasets/baac/2018/Vehicules_2018.csv;utf-8-sig;,
2018;vehicules;manv;float64;98876;132;0.001335;datasets/baac/2018/Vehicules_2018.csv;utf-8-sig;,
2018;vehicules;num_veh;str;98876;0;0.000000;datasets/baac/2018/Vehicules_2018.csv;utf-8-sig;,
2018;vehicules;obs;float64;98876;189;0.001911;datasets/baac/2018/Vehicules_2018.csv;utf-8-sig;,
2018;vehicules;obsm;float64;98876;135;0.001365;datasets/baac/2018/Vehicules_2018.csv;utf-8-sig;,
2018;vehicules;occutc;int64;98876;0;0.000000;datasets/baac/2018/Vehicules_2018.csv;utf-8-sig;,
2018;vehicules;senc;float64;98876;132;0.001335;datasets/baac/2018/Vehicules_2018.csv;utf-8-sig;,
2019;caracteristiques;Num_Acc;int64;58840;0;0.000000;datasets/baac/2019/Caract_2019.csv;utf-8-sig;";"
2019;caracteristiques;adr;str;58840;427;0.007257;datasets/baac/2019/Caract_2019.csv;utf-8-sig;";"
2019;caracteristiques;agg;int64;58840;0;0.000000;datasets/baac/2019/Caract_2019.csv;utf-8-sig;";"
2019;caracteristiques;an;int64;58840;0;0.000000;datasets/baac/2019/Caract_2019.csv;utf-8-sig;";"
2019;caracteristiques;atm;int64;58840;0;0.000000;datasets/baac/2019/Caract_2019.csv;utf-8-sig;";"
2019;caracteristiques;col;int64;58840;0;0.000000;datasets/baac/2019/Caract_2019.csv;utf-8-sig;";"
2019;caracteristiques;com;str;58840;0;0.000000;datasets/baac/2019/Caract_2019.csv;utf-8-sig;";"
2019;caracteristiques;dep;str;58840;0;0.000000;datasets/baac/2019/Caract_2019.csv;utf-8-sig;";"
2019;caracteristiques;hrmn;str;58840;0;0.000000;datasets/baac/2019/Caract_2019.csv;utf-8-sig;";"
2019;caracteristiques;int;int64;58840;0;0.000000;datasets/baac/2019/Caract_2019.csv;utf-8-sig;";"
2019;caracteristiques;jour;int64;58840;0;0.000000;datasets/baac/2019/Caract_2019.csv;utf-8-sig;";"
2019;caracteristiques;lat;str;58840;0;0.000000;datasets/baac/2019/Caract_2019.csv;utf-8-sig;";"
2019;caracteristiques;long;str;58840;0;0.000000;datasets/baac/2019/Caract_2019.csv;utf-8-sig;";"
2019;caracteristiques;lum;int64;58840;0;0.000000;datasets/baac/2019/Caract_2019.csv;utf-8-sig;";"
2019;caracteristiques;mois;int64;58840;0;0.000000;datasets/baac/2019/Caract_2019.csv;utf-8-sig;";"
2019;lieux;Num_Acc;int64;58840;0;0.000000;datasets/baac/2019/Lieux_2019.csv;utf-8-sig;";"
2019;lieux;catr;int64;58840;0;0.000000;datasets/baac/2019/Lieux_2019.csv;utf-8-sig;";"
2019;lieux;circ;int64;58840;0;0.000000;datasets/baac/2019/Lieux_2019.csv;utf-8-sig;";"
2019;lieux;infra;int64;58840;0;0.000000;datasets/baac/2019/Lieux_2019.csv;utf-8-sig;";"
2019;lieux;larrout;float64;58840;58468;0.993678;datasets/baac/2019/Lieux_2019.csv;utf-8-sig;";"
2019;lieux;lartpc;float64;58840;58629;0.996414;datasets/baac/2019/Lieux_2019.csv;utf-8-sig;";"
2019;lieux;nbv;int64;58840;0;0.000000;datasets/baac/2019/Lieux_2019.csv;utf-8-sig;";"
2019;lieux;plan;int64;58840;0;0.000000;datasets/baac/2019/Lieux_2019.csv;utf-8-sig;";"
2019;lieux;pr;str;58840;0;0.000000;datasets/baac/2019/Lieux_2019.csv;utf-8-sig;";"
2019;lieux;pr1;str;58840;0;0.000000;datasets/baac/2019/Lieux_2019.csv;utf-8-sig;";"
2019;lieux;prof;int64;58840;0;0.000000;datasets/baac/2019/Lieux_2019.csv;utf-8-sig;";"
2019;lieux;situ;int64;58840;0;0.000000;datasets/baac/2019/Lieux_2019.csv;utf-8-sig;";"
2019;lieux;surf;int64;58840;0;0.000000;datasets/baac/2019/Lieux_2019.csv;utf-8-sig;";"
2019;lieux;v1;float64;58840;10746;0.182631;datasets/baac/2019/Lieux_2019.csv;utf-8-sig;";"
2019;lieux;v2;str;58840;54673;0.929181;datasets/baac/2019/Lieux_2019.csv;utf-8-sig;";"
2019;lieux;vma;int64;58840;0;0.000000;datasets/baac/2019/Lieux_2019.csv;utf-8-sig;";"
2019;lieux;voie;str;58840;2935;0.049881;datasets/baac/2019/Lieux_2019.csv;utf-8-sig;";"
2019;lieux;vosp;int64;58840;0;0.000000;datasets/baac/2019/Lieux_2019.csv;utf-8-sig;";"
2019;usagers;Num_Acc;int64;132977;0;0.000000;datasets/baac/2019/Usagers_2019.csv;utf-8-sig;";"
2019;usagers;actp;str;132977;0;0.000000;datasets/baac/2019/Usagers_2019.csv;utf-8-sig;";"
2019;usagers;an_nais;int64;132977;0;0.000000;datasets/baac/2019/Usagers_2019.csv;utf-8-sig;";"
2019;usagers;catu;int64;132977;0;0.000000;datasets/baac/2019/Usagers_2019.csv;utf-8-sig;";"
2019;usagers;etatp;int64;132977;0;0.000000;datasets/baac/2019/Usagers_2019.csv;utf-8-sig;";"
2019;usagers;grav;int64;132977;0;0.000000;datasets/baac/2019/Usagers_2019.csv;utf-8-sig;";"
2019;usagers;id_vehicule;str;132977;0;0.000000;datasets/baac/2019/Usagers_2019.csv;utf-8-sig;";"
2019;usagers;locp;int64;132977;0;0.000000;datasets/baac/2019/Usagers_2019.csv;utf-8-sig;";"
2019;usagers;num_veh;str;132977;0;0.000000;datasets/baac/2019/Usagers_2019.csv;utf-8-sig;";"
2019;usagers;place;int64;132977;0;0.000000;datasets/baac/2019/Usagers_2019.csv;utf-8-sig;";"
2019;usagers;secu1;int64;132977;0;0.000000;datasets/baac/2019/Usagers_2019.csv;utf-8-sig;";"
2019;usagers;secu2;int64;132977;0;0.000000;datasets/baac/2019/Usagers_2019.csv;utf-8-sig;";"
2019;usagers;secu3;int64;132977;0;0.000000;datasets/baac/2019/Usagers_2019.csv;utf-8-sig;";"
2019;usagers;sexe;int64;132977;0;0.000000;datasets/baac/2019/Usagers_2019.csv;utf-8-sig;";"
2019;usagers;trajet;int64;132977;0;0.000000;datasets/baac/2019/Usagers_2019.csv;utf-8-sig;";"
2019;vehicules;Num_Acc;int64;100710;0;0.000000;datasets/baac/2019/Vehicules_2019.csv;utf-8-sig;";"
2019;vehicules;catv;int64;100710;0;0.000000;datasets/baac/2019/Vehicules_2019.csv;utf-8-sig;";"
2019;vehicules;choc;int64;100710;0;0.000000;datasets/baac/2019/Vehicules_2019.csv;utf-8-sig;";"
2019;vehicules;id_vehicule;str;100710;0;0.000000;datasets/baac/2019/Vehicules_2019.csv;utf-8-sig;";"
2019;vehicules;manv;int64;100710;0;0.000000;datasets/baac/2019/Vehicules_2019.csv;utf-8-sig;";"
2019;vehicules;motor;int64;100710;0;0.000000;datasets/baac/2019/Vehicules_2019.csv;utf-8-sig;";"
2019;vehicules;num_veh;str;100710;0;0.000000;datasets/baac/2019/Vehicules_2019.csv;utf-8-sig;";"
2019;vehicules;obs;int64;100710;0;0.000000;datasets/baac/2019/Vehicules_2019.csv;utf-8-sig;";"
2019;vehicules;obsm;int64;100710;0;0.000000;datasets/baac/2019/Vehicules_2019.csv;utf-8-sig;";"
2019;vehicules;occutc;float64;100710;99818;0.991143;datasets/baac/2019/Vehicules_2019.csv;utf-8-sig;";"
2019;vehicules;senc;int64;100710;0;0.000000;datasets/baac/2019/Vehicules_2019.csv;utf-8-sig;";"
2020;caracteristiques;Num_Acc;int64;47744;0;0.000000;datasets/baac/2020/Caract_2020.csv;utf-8-sig;";"
2020;caracteristiques;adr;str;47744;357;0.007477;datasets/baac/2020/Caract_2020.csv;utf-8-sig;";"
2020;caracteristiques;agg;int64;47744;0;0.000000;datasets/baac/2020/Caract_2020.csv;utf-8-sig;";"
2020;caracteristiques;an;int64;47744;0;0.000000;datasets/baac/2020/Caract_2020.csv;utf-8-sig;";"
2020;caracteristiques;atm;int64;47744;0;0.000000;datasets/baac/2020/Caract_2020.csv;utf-8-sig;";"
2020;caracteristiques;col;int64;47744;0;0.000000;datasets/baac/2020/Caract_2020.csv;utf-8-sig;";"
2020;caracteristiques;com;str;47744;0;0.000000;datasets/baac/2020/Caract_2020.csv;utf-8-sig;";"
2020;caracteristiques;dep;str;47744;0;0.000000;datasets/baac/2020/Caract_2020.csv;utf-8-sig;";"
2020;caracteristiques;hrmn;str;47744;0;0.000000;datasets/baac/2020/Caract_2020.csv;utf-8-sig;";"
2020;caracteristiques;int;int64;47744;0;0.000000;datasets/baac/2020/Caract_2020.csv;utf-8-sig;";"
2020;caracteristiques;jour;int64;47744;0;0.000000;datasets/baac/2020/Caract_2020.csv;utf-8-sig;";"
2020;caracteristiques;lat;str;47744;0;0.000000;datasets/baac/2020/Caract_2020.csv;utf-8-sig;";"
2020;caracteristiques;long;str;47744;0;0.000000;datasets/baac/2020/Caract_2020.csv;utf-8-sig;";"
2020;caracteristiques;lum;int64;47744;0;0.000000;datasets/baac/2020/Caract_2020.csv;utf-8-sig;";"
2020;caracteristiques;mois;int64;47744;0;0.000000;datasets/baac/2020/Caract_2020.csv;utf-8-sig;";"
2020;lieux;Num_Acc;int64;47744;0;0.000000;datasets/baac/2020/Lieux_2020.csv;utf-8-sig;";"
2020;lieux;catr;int64;47744;0;0.000000;datasets/baac/2020/Lieux_2020.csv;utf-8-sig;";"
2020;lieux;circ;int64;47744;0;0.000000;datasets/baac/2020/Lieux_2020.csv;utf-8-sig;";"
2020;lieux;infra;int64;47744;0;0.000000;datasets/baac/2020/Lieux_2020.csv;utf-8-sig;";"
2020;lieux;larrout;str;47744;0;0.000000;datasets/baac/2020/Lieux_2020.csv;utf-8-sig;";"
2020;lieux;lartpc;str;47744;47595;0.996879;datasets/baac/2020/Lieux_2020.csv;utf-8-sig;";"
2020;lieux;nbv;int64;47744;0;0.000000;datasets/baac/2020/Lieux_2020.csv;utf-8-sig;";"
2020;lieux;plan;int64;47744;0;0.000000;datasets/baac/2020/Lieux_2020.csv;utf-8-sig;";"
2020;lieux;pr;str;47744;0;0.000000;datasets/baac/2020/Lieux_2020.csv;utf-8-sig;";"
2020;lieux;pr1;str;47744;0;0.000000;datasets/baac/2020/Lieux_2020.csv;utf-8-sig;";"
2020;lieux;prof;int64;47744;0;0.000000;datasets/baac/2020/Lieux_2020.csv;utf-8-sig;";"
2020;lieux;situ;int64;47744;0;0.000000;datasets/baac/2020/Lieux_2020.csv;utf-8-sig;";"
2020;lieux;surf;int64;47744;0;0.000000;datasets/baac/2020/Lieux_2020.csv;utf-8-sig;";"
2020;lieux;v1;int64;47744;0;0.000000;datasets/baac/2020/Lieux_2020.csv;utf-8-sig;";"
2020;lieux;v2;str;47744;44880;0.940013;datasets/baac/2020/Lieux_2020.csv;utf-8-sig;";"
2020;lieux;vma;int64;47744;0;0.000000;datasets/baac/2020/Lieux_2020.csv;utf-8-sig;";"
2020;lieux;voie;str;47744;10927;0.228866;datasets/baac/2020/Lieux_2020.csv;utf-8-sig;";"
2020;lieux;vosp;int64;47744;0;0.000000;datasets/baac/2020/Lieux_2020.csv;utf-8-sig;";"
2020;usagers;Num_Acc;int64;105295;0;0.000000;datasets/baac/2020/Usagers_2020.csv;utf-8-sig;";"
2020;usagers;actp;str;105295;0;0.000000;datasets/baac/2020/Usagers_2020.csv;utf-8-sig;";"
2020;usagers;an_nais;int64;105295;0;0.000000;datasets/baac/2020/Usagers_2020.csv;utf-8-sig;";"
2020;usagers;catu;int64;105295;0;0.000000;datasets/baac/2020/Usagers_2020.csv;utf-8-sig;";"
2020;usagers;etatp;int64;105295;0;0.000000;datasets/baac/2020/Usagers_2020.csv;utf-8-sig;";"
2020;usagers;grav;int64;105295;0;0.000000;datasets/baac/2020/Usagers_2020.csv;utf-8-sig;";"
2020;usagers;id_vehicule;str;105295;0;0.000000;datasets/baac/2020/Usagers_2020.csv;utf-8-sig;";"
2020;usagers;locp;int64;105295;0;0.000000;datasets/baac/2020/Usagers_2020.csv;utf-8-sig;";"
2020;usagers;num_veh;str;105295;0;0.000000;datasets/baac/2020/Usagers_2020.csv;utf-8-sig;";"
2020;usagers;place;int64;105295;0;0.000000;datasets/baac/2020/Usagers_2020.csv;utf-8-sig;";"
2020;usagers;secu1;int64;105295;0;0.000000;datasets/baac/2020/Usagers_2020.csv;utf-8-sig;";"
2020;usagers;secu2;int64;105295;0;0.000000;datasets/baac/2020/Usagers_2020.csv;utf-8-sig;";"
2020;usagers;secu3;int64;105295;0;0.000000;datasets/baac/2020/Usagers_2020.csv;utf-8-sig;";"
2020;usagers;sexe;int64;105295;0;0.000000;datasets/baac/2020/Usagers_2020.csv;utf-8-sig;";"
2020;usagers;trajet;int64;105295;0;0.000000;datasets/baac/2020/Usagers_2020.csv;utf-8-sig;";"
2020;vehicules;Num_Acc;int64;81066;0;0.000000;datasets/baac/2020/Vehicules_2020.csv;utf-8-sig;";"
2020;vehicules;catv;int64;81066;0;0.000000;datasets/baac/2020/Vehicules_2020.csv;utf-8-sig;";"
2020;vehicules;choc;int64;81066;0;0.000000;datasets/baac/2020/Vehicules_2020.csv;utf-8-sig;";"
2020;vehicules;id_vehicule;str;81066;0;0.000000;datasets/baac/2020/Vehicules_2020.csv;utf-8-sig;";"
2020;vehicules;manv;int64;81066;0;0.000000;datasets/baac/2020/Vehicules_2020.csv;utf-8-sig;";"
2020;vehicules;motor;int64;81066;0;0.000000;datasets/baac/2020/Vehicules_2020.csv;utf-8-sig;";"
2020;vehicules;num_veh;str;81066;0;0.000000;datasets/baac/2020/Vehicules_2020.csv;utf-8-sig;";"
2020;vehicules;obs;int64;81066;0;0.000000;datasets/baac/2020/Vehicules_2020.csv;utf-8-sig;";"
2020;vehicules;obsm;int64;81066;0;0.000000;datasets/baac/2020/Vehicules_2020.csv;utf-8-sig;";"
2020;vehicules;occutc;float64;81066;80445;0.992340;datasets/baac/2020/Vehicules_2020.csv;utf-8-sig;";"
2020;vehicules;senc;int64;81066;0;0.000000;datasets/baac/2020/Vehicules_2020.csv;utf-8-sig;";"
2021;caracteristiques;Num_Acc;int64;56518;0;0.000000;datasets/baac/2021/Caract_2021.csv;utf-8-sig;";"
2021;caracteristiques;adr;str;56518;573;0.010138;datasets/baac/2021/Caract_2021.csv;utf-8-sig;";"
2021;caracteristiques;agg;int64;56518;0;0.000000;datasets/baac/2021/Caract_2021.csv;utf-8-sig;";"
2021;caracteristiques;an;int64;56518;0;0.000000;datasets/baac/2021/Caract_2021.csv;utf-8-sig;";"
2021;caracteristiques;atm;int64;56518;0;0.000000;datasets/baac/2021/Caract_2021.csv;utf-8-sig;";"
2021;caracteristiques;col;int64;56518;0;0.000000;datasets/baac/2021/Caract_2021.csv;utf-8-sig;";"
2021;caracteristiques;com;str;56518;0;0.000000;datasets/baac/2021/Caract_2021.csv;utf-8-sig;";"
2021;caracteristiques;dep;str;56518;0;0.000000;datasets/baac/2021/Caract_2021.csv;utf-8-sig;";"
2021;caracteristiques;hrmn;str;56518;0;0.000000;datasets/baac/2021/Caract_2021.csv;utf-8-sig;";"
2021;caracteristiques;int;int64;56518;0;0.000000;datasets/baac/2021/Caract_2021.csv;utf-8-sig;";"
2021;caracteristiques;jour;int64;56518;0;0.000000;datasets/baac/2021/Caract_2021.csv;utf-8-sig;";"
2021;caracteristiques;lat;str;56518;0;0.000000;datasets/baac/2021/Caract_2021.csv;utf-8-sig;";"
2021;caracteristiques;long;str;56518;0;0.000000;datasets/baac/2021/Caract_2021.csv;utf-8-sig;";"
2021;caracteristiques;lum;int64;56518;0;0.000000;datasets/baac/2021/Caract_2021.csv;utf-8-sig;";"
2021;caracteristiques;mois;int64;56518;0;0.000000;datasets/baac/2021/Caract_2021.csv;utf-8-sig;";"
2021;lieux;Num_Acc;int64;56518;0;0.000000;datasets/baac/2021/Lieux_2021.csv;utf-8-sig;";"
2021;lieux;catr;int64;56518;0;0.000000;datasets/baac/2021/Lieux_2021.csv;utf-8-sig;";"
2021;lieux;circ;int64;56518;0;0.000000;datasets/baac/2021/Lieux_2021.csv;utf-8-sig;";"
2021;lieux;infra;int64;56518;0;0.000000;datasets/baac/2021/Lieux_2021.csv;utf-8-sig;";"
2021;lieux;larrout;str;56518;0;0.000000;datasets/baac/2021/Lieux_2021.csv;utf-8-sig;";"
2021;lieux;lartpc;str;56518;56410;0.998089;datasets/baac/2021/Lieux_2021.csv;utf-8-sig;";"
2021;lieux;nbv;int64;56518;0;0.000000;datasets/baac/2021/Lieux_2021.csv;utf-8-sig;";"
2021;lieux;plan;int64;56518;0;0.000000;datasets/baac/2021/Lieux_2021.csv;utf-8-sig;";"
2021;lieux;pr;str;56518;0;0.000000;datasets/baac/2021/Lieux_2021.csv;utf-8-sig;";"
2021;lieux;pr1;str;56518;0;0.000000;datasets/baac/2021/Lieux_2021.csv;utf-8-sig;";"
2021;lieux;prof;int64;56518;0;0.000000;datasets/baac/2021/Lieux_2021.csv;utf-8-sig;";"
2021;lieux;situ;int64;56518;0;0.000000;datasets/baac/2021/Lieux_2021.csv;utf-8-sig;";"
2021;lieux;surf;int64;56518;0;0.000000;datasets/baac/2021/Lieux_2021.csv;utf-8-sig;";"
2021;lieux;v1;int64;56518;0;0.000000;datasets/baac/2021/Lieux_2021.csv;utf-8-sig;";"
2021;lieux;v2;str;56518;51528;0.911710;datasets/baac/2021/Lieux_2021.csv;utf-8-sig;";"
2021;lieux;vma;int64;56518;0;0.000000;datasets/baac/2021/Lieux_2021.csv;utf-8-sig;";"
2021;lieux;voie;str;56518;4407;0.077975;datasets/baac/2021/Lieux_2021.csv;utf-8-sig;";"
2021;lieux;vosp;int64;56518;0;0.000000;datasets/baac/2021/Lieux_2021.csv;utf-8-sig;";"
2021;usagers;Num_Acc;int64;129248;0;0.000000;datasets/baac/2021/Usagers_2021.csv;utf-8-sig;";"
2021;usagers;actp;str;129248;0;0.000000;datasets/baac/2021/Usagers_2021.csv;utf-8-sig;";"
2021;usagers;an_nais;float64;129248;3067;0.023730;datasets/baac/2021/Usagers_2021.csv;utf-8-sig;";"
2021;usagers;catu;int64;129248;0;0.000000;datasets/baac/2021/Usagers_2021.csv;utf-8-sig;";"
2021;usagers;etatp;int64;129248;0;0.000000;datasets/baac/2021/Usagers_2021.csv;utf-8-sig;";"
2021;usagers;grav;int64;129248;0;0.000000;datasets/baac/2021/Usagers_2021.csv;utf-8-sig;";"
2021;usagers;id_usager;str;129248;0;0.000000;datasets/baac/2021/Usagers_2021.csv;utf-8-sig;";"
2021;usagers;id_vehicule;str;129248;0;0.000000;datasets/baac/2021/Usagers_2021.csv;utf-8-sig;";"
2021;usagers;locp;int64;129248;0;0.000000;datasets/baac/2021/Usagers_2021.csv;utf-8-sig;";"
2021;usagers;num_veh;str;129248;0;0.000000;datasets/baac/2021/Usagers_2021.csv;utf-8-sig;";"
2021;usagers;place;int64;129248;0;0.000000;datasets/baac/2021/Usagers_2021.csv;utf-8-sig;";"
2021;usagers;secu1;int64;129248;0;0.000000;datasets/baac/2021/Usagers_2021.csv;utf-8-sig;";"
2021;usagers;secu2;int64;129248;0;0.000000;datasets/baac/2021/Usagers_2021.csv;utf-8-sig;";"
2021;usagers;secu3;int64;129248;0;0.000000;datasets/baac/2021/Usagers_2021.csv;utf-8-sig;";"
2021;usagers;sexe;int64;129248;0;0.000000;datasets/baac/2021/Usagers_2021.csv;utf-8-sig;";"
2021;usagers;trajet;int64;129248;0;0.000000;datasets/baac/2021/Usagers_2021.csv;utf-8-sig;";"
2021;vehicules;Num_Acc;int64;97315;0;0.000000;datasets/baac/2021/Vehicules_2021.csv;utf-8-sig;";"
2021;vehicules;catv;int64;97315;0;0.000000;datasets/baac/2021/Vehicules_2021.csv;utf-8-sig;";"
2021;vehicules;choc;int64;97315;0;0.000000;datasets/baac/2021/Vehicules_2021.csv;utf-8-sig;";"
2021;vehicules;id_vehicule;str;97315;0;0.000000;datasets/baac/2021/Vehicules_2021.csv;utf-8-sig;";"
2021;vehicules;manv;int64;97315;0;0.000000;datasets/baac/2021/Vehicules_2021.csv;utf-8-sig;";"
2021;vehicules;motor;int64;97315;0;0.000000;datasets/baac/2021/Vehicules_2021.csv;utf-8-sig;";"
2021;vehicules;num_veh;str;97315;0;0.000000;datasets/baac/2021/Vehicules_2021.csv;utf-8-sig;";"
2021;vehicules;obs;int64;97315;0;0.000000;datasets/baac/2021/Vehicules_2021.csv;utf-8-sig;";"
2021;vehicules;obsm;int64;97315;0;0.000000;datasets/baac/2021/Vehicules_2021.csv;utf-8-sig;";"
2021;vehicules;occutc;float64;97315;96571;0.992355;datasets/baac/2021/Vehicules_2021.csv;utf-8-sig;";"
2021;vehicules;senc;int64;97315;0;0.000000;datasets/baac/2021/Vehicules_2021.csv;utf-8-sig;";"
2022;caracteristiques;Accident_Id;int64;55302;0;0.000000;datasets/baac/2022/Caract_2022.csv;utf-8-sig;";"
2022;caracteristiques;adr;str;55302;1233;0.022296;datasets/baac/2022/Caract_2022.csv;utf-8-sig;";"
2022;caracteristiques;agg;int64;55302;0;0.000000;datasets/baac/2022/Caract_2022.csv;utf-8-sig;";"
2022;caracteristiques;an;int64;55302;0;0.000000;datasets/baac/2022/Caract_2022.csv;utf-8-sig;";"
2022;caracteristiques;atm;int64;55302;0;0.000000;datasets/baac/2022/Caract_2022.csv;utf-8-sig;";"
2022;caracteristiques;col;int64;55302;0;0.000000;datasets/baac/2022/Caract_2022.csv;utf-8-sig;";"
2022;caracteristiques;com;str;55302;0;0.000000;datasets/baac/2022/Caract_2022.csv;utf-8-sig;";"
2022;caracteristiques;dep;str;55302;0;0.000000;datasets/baac/2022/Caract_2022.csv;utf-8-sig;";"
2022;caracteristiques;hrmn;str;55302;0;0.000000;datasets/baac/2022/Caract_2022.csv;utf-8-sig;";"
2022;caracteristiques;int;int64;55302;0;0.000000;datasets/baac/2022/Caract_2022.csv;utf-8-sig;";"
2022;caracteristiques;jour;int64;55302;0;0.000000;datasets/baac/2022/Caract_2022.csv;utf-8-sig;";"
2022;caracteristiques;lat;str;55302;0;0.000000;datasets/baac/2022/Caract_2022.csv;utf-8-sig;";"
2022;caracteristiques;long;str;55302;0;0.000000;datasets/baac/2022/Caract_2022.csv;utf-8-sig;";"
2022;caracteristiques;lum;int64;55302;0;0.000000;datasets/baac/2022/Caract_2022.csv;utf-8-sig;";"
2022;caracteristiques;mois;int64;55302;0;0.000000;datasets/baac/2022/Caract_2022.csv;utf-8-sig;";"
2022;lieux;Num_Acc;int64;55302;0;0.000000;datasets/baac/2022/Lieux_2022.csv;utf-8-sig;";"
2022;lieux;catr;int64;55302;0;0.000000;datasets/baac/2022/Lieux_2022.csv;utf-8-sig;";"
2022;lieux;circ;int64;55302;0;0.000000;datasets/baac/2022/Lieux_2022.csv;utf-8-sig;";"
2022;lieux;infra;int64;55302;0;0.000000;datasets/baac/2022/Lieux_2022.csv;utf-8-sig;";"
2022;lieux;larrout;str;55302;0;0.000000;datasets/baac/2022/Lieux_2022.csv;utf-8-sig;";"
2022;lieux;lartpc;str;55302;55274;0.999494;datasets/baac/2022/Lieux_2022.csv;utf-8-sig;";"
2022;lieux;nbv;str;55302;0;0.000000;datasets/baac/2022/Lieux_2022.csv;utf-8-sig;";"
2022;lieux;plan;int64;55302;0;0.000000;datasets/baac/2022/Lieux_2022.csv;utf-8-sig;";"
2022;lieux;pr;str;55302;0;0.000000;datasets/baac/2022/Lieux_2022.csv;utf-8-sig;";"
2022;lieux;pr1;str;55302;0;0.000000;datasets/baac/2022/Lieux_2022.csv;utf-8-sig;";"
2022;lieux;prof;int64;55302;0;0.000000;datasets/baac/2022/Lieux_2022.csv;utf-8-sig;";"
2022;lieux;situ;int64;55302;0;0.000000;datasets/baac/2022/Lieux_2022.csv;utf-8-sig;";"
2022;lieux;surf;int64;55302;0;0.000000;datasets/baac/2022/Lieux_2022.csv;utf-8-sig;";"
2022;lieux;v1;int64;55302;0;0.000000;datasets/baac/2022/Lieux_2022.csv;utf-8-sig;";"
2022;lieux;v2;str;55302;50047;0.904976;datasets/baac/2022/Lieux_2022.csv;utf-8-sig;";"
2022;lieux;vma;int64;55302;0;0.000000;datasets/baac/2022/Lieux_2022.csv;utf-8-sig;";"
2022;lieux;voie;str;55302;4805;0.086887;datasets/baac/2022/Lieux_2022.csv;utf-8-sig;";"
2022;lieux;vosp;int64;55302;0;0.000000;datasets/baac/2022/Lieux_2022.csv;utf-8-sig;";"
2022;usagers;Num_Acc;int64;126662;0;0.000000;datasets/baac/2022/Usagers_2022.csv;utf-8-sig;";"
2022;usagers;actp;str;126662;0;0.000000;datasets/baac/2022/Usagers_2022.csv;utf-8-sig;";"
2022;usagers;an_nais;float64;126662;2874;0.022690;datasets/baac/2022/Usagers_2022.csv;utf-8-sig;";"
2022;usagers;catu;int64;126662;0;0.000000;datasets/baac/2022/Usagers_2022.csv;utf-8-sig;";"
2022;usagers;etatp;int64;126662;0;0.000000;datasets/baac/2022/Usagers_2022.csv;utf-8-sig;";"
2022;usagers;grav;int64;126662;0;0.000000;datasets/baac/2022/Usagers_2022.csv;utf-8-sig;";"
2022;usagers;id_usager;str;126662;0;0.000000;datasets/baac/2022/Usagers_2022.csv;utf-8-sig;";"
2022;usagers;id_vehicule;str;126662;0;0.000000;datasets/baac/2022/Usagers_2022.csv;utf-8-sig;";"
2022;usagers;locp;int64;126662;0;0.000000;datasets/baac/2022/Usagers_2022.csv;utf-8-sig;";"
2022;usagers;num_veh;str;126662;0;0.000000;datasets/baac/2022/Usagers_2022.csv;utf-8-sig;";"
2022;usagers;place;int64;126662;0;0.000000;datasets/baac/2022/Usagers_2022.csv;utf-8-sig;";"
2022;usagers;secu1;int64;126662;0;0.000000;datasets/baac/2022/Usagers_2022.csv;utf-8-sig;";"
2022;usagers;secu2;int64;126662;0;0.000000;datasets/baac/2022/Usagers_2022.csv;utf-8-sig;";"
2022;usagers;secu3;int64;126662;0;0.000000;datasets/baac/2022/Usagers_2022.csv;utf-8-sig;";"
2022;usagers;sexe;int64;126662;0;0.000000;datasets/baac/2022/Usagers_2022.csv;utf-8-sig;";"
2022;usagers;trajet;int64;126662;0;0.000000;datasets/baac/2022/Usagers_2022.csv;utf-8-sig;";"
2022;vehicules;Num_Acc;int64;94493;0;0.000000;datasets/baac/2022/Vehicules_2022.csv;utf-8-sig;";"
2022;vehicules;catv;int64;94493;0;0.000000;datasets/baac/2022/Vehicules_2022.csv;utf-8-sig;";"
2022;vehicules;choc;int64;94493;0;0.000000;datasets/baac/2022/Vehicules_2022.csv;utf-8-sig;";"
2022;vehicules;id_vehicule;str;94493;0;0.000000;datasets/baac/2022/Vehicules_2022.csv;utf-8-sig;";"
2022;vehicules;manv;int64;94493;0;0.000000;datasets/baac/2022/Vehicules_2022.csv;utf-8-sig;";"
2022;vehicules;motor;int64;94493;0;0.000000;datasets/baac/2022/Vehicules_2022.csv;utf-8-sig;";"
2022;vehicules;num_veh;str;94493;0;0.000000;datasets/baac/2022/Vehicules_2022.csv;utf-8-sig;";"
2022;vehicules;obs;int64;94493;0;0.000000;datasets/baac/2022/Vehicules_2022.csv;utf-8-sig;";"
2022;vehicules;obsm;int64;94493;0;0.000000;datasets/baac/2022/Vehicules_2022.csv;utf-8-sig;";"
2022;vehicules;occutc;float64;94493;93676;0.991354;datasets/baac/2022/Vehicules_2022.csv;utf-8-sig;";"
2022;vehicules;senc;int64;94493;0;0.000000;datasets/baac/2022/Vehicules_2022.csv;utf-8-sig;";"
2023;caracteristiques;Num_Acc;int64;54822;0;0.000000;datasets/baac/2023/Caract_2023.csv;utf-8-sig;";"
2023;caracteristiques;adr;str;54822;1389;0.025337;datasets/baac/2023/Caract_2023.csv;utf-8-sig;";"
2023;caracteristiques;agg;int64;54822;0;0.000000;datasets/baac/2023/Caract_2023.csv;utf-8-sig;";"
2023;caracteristiques;an;int64;54822;0;0.000000;datasets/baac/2023/Caract_2023.csv;utf-8-sig;";"
2023;caracteristiques;atm;int64;54822;0;0.000000;datasets/baac/2023/Caract_2023.csv;utf-8-sig;";"
2023;caracteristiques;col;int64;54822;0;0.000000;datasets/baac/2023/Caract_2023.csv;utf-8-sig;";"
2023;caracteristiques;com;str;54822;0;0.000000;datasets/baac/2023/Caract_2023.csv;utf-8-sig;";"
2023;caracteristiques;dep;str;54822;0;0.000000;datasets/baac/2023/Caract_2023.csv;utf-8-sig;";"
2023;caracteristiques;hrmn;str;54822;0;0.000000;datasets/baac/2023/Caract_2023.csv;utf-8-sig;";"
2023;caracteristiques;int;int64;54822;0;0.000000;datasets/baac/2023/Caract_2023.csv;utf-8-sig;";"
2023;caracteristiques;jour;int64;54822;0;0.000000;datasets/baac/2023/Caract_2023.csv;utf-8-sig;";"
2023;caracteristiques;lat;str;54822;0;0.000000;datasets/baac/2023/Caract_2023.csv;utf-8-sig;";"
2023;caracteristiques;long;str;54822;0;0.000000;datasets/baac/2023/Caract_2023.csv;utf-8-sig;";"
2023;caracteristiques;lum;int64;54822;0;0.000000;datasets/baac/2023/Caract_2023.csv;utf-8-sig;";"
2023;caracteristiques;mois;int64;54822;0;0.000000;datasets/baac/2023/Caract_2023.csv;utf-8-sig;";"
2023;lieux;Num_Acc;int64;70860;0;0.000000;datasets/baac/2023/Lieux_2023.csv;utf-8-sig;";"
2023;lieux;catr;int64;70860;0;0.000000;datasets/baac/2023/Lieux_2023.csv;utf-8-sig;";"
2023;lieux;circ;int64;70860;0;0.000000;datasets/baac/2023/Lieux_2023.csv;utf-8-sig;";"
2023;lieux;infra;int64;70860;0;0.000000;datasets/baac/2023/Lieux_2023.csv;utf-8-sig;";"
2023;lieux;larrout;str;70860;0;0.000000;datasets/baac/2023/Lieux_2023.csv;utf-8-sig;";"
2023;lieux;lartpc;str;70860;70829;0.999563;datasets/baac/2023/Lieux_2023.csv;utf-8-sig;";"
2023;lieux;nbv;str;70860;0;0.000000;datasets/baac/2023/Lieux_2023.csv;utf-8-sig;";"
2023;lieux;plan;int64;70860;0;0.000000;datasets/baac/2023/Lieux_2023.csv;utf-8-sig;";"
2023;lieux;pr;str;70860;0;0.000000;datasets/baac/2023/Lieux_2023.csv;utf-8-sig;";"
2023;lieux;pr1;str;70860;0;0.000000;datasets/baac/2023/Lieux_2023.csv;utf-8-sig;";"
2023;lieux;prof;int64;70860;0;0.000000;datasets/baac/2023/Lieux_2023.csv;utf-8-sig;";"
2023;lieux;situ;int64;70860;0;0.000000;datasets/baac/2023/Lieux_2023.csv;utf-8-sig;";"
2023;lieux;surf;int64;70860;0;0.000000;datasets/baac/2023/Lieux_2023.csv;utf-8-sig;";"
2023;lieux;v1;int64;70860;0;0.000000;datasets/baac/2023/Lieux_2023.csv;utf-8-sig;";"
2023;lieux;v2;str;70860;64976;0.916963;datasets/baac/2023/Lieux_2023.csv;utf-8-sig;";"
2023;lieux;vma;int64;70860;0;0.000000;datasets/baac/2023/Lieux_2023.csv;utf-8-sig;";"
2023;lieux;voie;str;70860;12747;0.179890;datasets/baac/2023/Lieux_2023.csv;utf-8-sig;";"
2023;lieux;vosp;int64;70860;0;0.000000;datasets/baac/2023/Lieux_2023.csv;utf-8-sig;";"
2023;usagers;Num_Acc;int64;125789;0;0.000000;datasets/baac/2023/Usagers_2023.csv;utf-8-sig;";"
2023;usagers;actp;str;125789;0;0.000000;datasets/baac/2023/Usagers_2023.csv;utf-8-sig;";"
2023;usagers;an_nais;float64;125789;2598;0.020654;datasets/baac/2023/Usagers_2023.csv;utf-8-sig;";"
2023;usagers;catu;int64;125789;0;0.000000;datasets/baac/2023/Usagers_2023.csv;utf-8-sig;";"
2023;usagers;etatp;int64;125789;0;0.000000;datasets/baac/2023/Usagers_2023.csv;utf-8-sig;";"
2023;usagers;grav;int64;125789;0;0.000000;datasets/baac/2023/Usagers_2023.csv;utf-8-sig;";"
2023;usagers;id_usager;str;125789;0;0.000000;datasets/baac/2023/Usagers_2023.csv;utf-8-sig;";"
2023;usagers;id_vehicule;str;125789;0;0.000000;datasets/baac/2023/Usagers_2023.csv;utf-8-sig;";"
2023;usagers;locp;int64;125789;0;0.000000;datasets/baac/2023/Usagers_2023.csv;utf-8-sig;";"
2023;usagers;num_veh;str;125789;0;0.000000;datasets/baac/2023/Usagers_2023.csv;utf-8-sig;";"
2023;usagers;place;int64;125789;0;0.000000;datasets/baac/2023/Usagers_2023.csv;utf-8-sig;";"
2023;usagers;secu1;int64;125789;0;0.000000;datasets/baac/2023/Usagers_2023.csv;utf-8-sig;";"
2023;usagers;secu2;int64;125789;0;0.000000;datasets/baac/2023/Usagers_2023.csv;utf-8-sig;";"
2023;usagers;secu3;int64;125789;0;0.000000;datasets/baac/2023/Usagers_2023.csv;utf-8-sig;";"
2023;usagers;sexe;int64;125789;0;0.000000;datasets/baac/2023/Usagers_2023.csv;utf-8-sig;";"
2023;usagers;trajet;int64;125789;0;0.000000;datasets/baac/2023/Usagers_2023.csv;utf-8-sig;";"
2023;vehicules;Num_Acc;int64;93585;0;0.000000;datasets/baac/2023/Vehicules_2023.csv;utf-8-sig;";"
2023;vehicules;catv;int64;93585;0;0.000000;datasets/baac/2023/Vehicules_2023.csv;utf-8-sig;";"
2023;vehicules;choc;int64;93585;0;0.000000;datasets/baac/2023/Vehicules_2023.csv;utf-8-sig;";"
2023;vehicules;id_vehicule;str;93585;0;0.000000;datasets/baac/2023/Vehicules_2023.csv;utf-8-sig;";"
2023;vehicules;manv;int64;93585;0;0.000000;datasets/baac/2023/Vehicules_2023.csv;utf-8-sig;";"
2023;vehicules;motor;int64;93585;0;0.000000;datasets/baac/2023/Vehicules_2023.csv;utf-8-sig;";"
2023;vehicules;num_veh;str;93585;0;0.000000;datasets/baac/2023/Vehicules_2023.csv;utf-8-sig;";"
2023;vehicules;obs;int64;93585;0;0.000000;datasets/baac/2023/Vehicules_2023.csv;utf-8-sig;";"
2023;vehicules;obsm;int64;93585;0;0.000000;datasets/baac/2023/Vehicules_2023.csv;utf-8-sig;";"
2023;vehicules;occutc;float64;93585;92747;0.991046;datasets/baac/2023/Vehicules_2023.csv;utf-8-sig;";"
2023;vehicules;senc;int64;93585;0;0.000000;datasets/baac/2023/Vehicules_2023.csv;utf-8-sig;";"
2024;caracteristiques;Num_Acc;int64;54402;0;0.000000;datasets/baac/2024/Caract_2024.csv;utf-8-sig;";"
2024;caracteristiques;adr;str;54402;2310;0.042462;datasets/baac/2024/Caract_2024.csv;utf-8-sig;";"
2024;caracteristiques;agg;int64;54402;0;0.000000;datasets/baac/2024/Caract_2024.csv;utf-8-sig;";"
2024;caracteristiques;an;int64;54402;0;0.000000;datasets/baac/2024/Caract_2024.csv;utf-8-sig;";"
2024;caracteristiques;atm;int64;54402;0;0.000000;datasets/baac/2024/Caract_2024.csv;utf-8-sig;";"
2024;caracteristiques;col;int64;54402;0;0.000000;datasets/baac/2024/Caract_2024.csv;utf-8-sig;";"
2024;caracteristiques;com;str;54402;0;0.000000;datasets/baac/2024/Caract_2024.csv;utf-8-sig;";"
2024;caracteristiques;dep;str;54402;0;0.000000;datasets/baac/2024/Caract_2024.csv;utf-8-sig;";"
2024;caracteristiques;hrmn;str;54402;0;0.000000;datasets/baac/2024/Caract_2024.csv;utf-8-sig;";"
2024;caracteristiques;int;int64;54402;0;0.000000;datasets/baac/2024/Caract_2024.csv;utf-8-sig;";"
2024;caracteristiques;jour;int64;54402;0;0.000000;datasets/baac/2024/Caract_2024.csv;utf-8-sig;";"
2024;caracteristiques;lat;str;54402;0;0.000000;datasets/baac/2024/Caract_2024.csv;utf-8-sig;";"
2024;caracteristiques;long;str;54402;0;0.000000;datasets/baac/2024/Caract_2024.csv;utf-8-sig;";"
2024;caracteristiques;lum;int64;54402;0;0.000000;datasets/baac/2024/Caract_2024.csv;utf-8-sig;";"
2024;caracteristiques;mois;int64;54402;0;0.000000;datasets/baac/2024/Caract_2024.csv;utf-8-sig;";"
2024;lieux;Num_Acc;int64;70248;0;0.000000;datasets/baac/2024/Lieux_2024.csv;utf-8-sig;";"
2024;lieux;catr;int64;70248;0;0.000000;datasets/baac/2024/Lieux_2024.csv;utf-8-sig;";"
2024;lieux;circ;int64;70248;0;0.000000;datasets/baac/2024/Lieux_2024.csv;utf-8-sig;";"
2024;lieux;infra;int64;70248;0;0.000000;datasets/baac/2024/Lieux_2024.csv;utf-8-sig;";"
2024;lieux;larrout;str;70248;0;0.000000;datasets/baac/2024/Lieux_2024.csv;utf-8-sig;";"
2024;lieux;lartpc;str;70248;70215;0.999530;datasets/baac/2024/Lieux_2024.csv;utf-8-sig;";"
2024;lieux;nbv;str;70248;0;0.000000;datasets/baac/2024/Lieux_2024.csv;utf-8-sig;";"
2024;lieux;plan;int64;70248;0;0.000000;datasets/baac/2024/Lieux_2024.csv;utf-8-sig;";"
2024;lieux;pr;str;70248;0;0.000000;datasets/baac/2024/Lieux_2024.csv;utf-8-sig;";"
2024;lieux;pr1;str;70248;0;0.000000;datasets/baac/2024/Lieux_2024.csv;utf-8-sig;";"
2024;lieux;prof;int64;70248;0;0.000000;datasets/baac/2024/Lieux_2024.csv;utf-8-sig;";"
2024;lieux;situ;int64;70248;0;0.000000;datasets/baac/2024/Lieux_2024.csv;utf-8-sig;";"
2024;lieux;surf;int64;70248;0;0.000000;datasets/baac/2024/Lieux_2024.csv;utf-8-sig;";"
2024;lieux;v1;int64;70248;0;0.000000;datasets/baac/2024/Lieux_2024.csv;utf-8-sig;";"
2024;lieux;v2;str;70248;64332;0.915784;datasets/baac/2024/Lieux_2024.csv;utf-8-sig;";"
2024;lieux;vma;int64;70248;0;0.000000;datasets/baac/2024/Lieux_2024.csv;utf-8-sig;";"
2024;lieux;voie;str;70248;13331;0.189771;datasets/baac/2024/Lieux_2024.csv;utf-8-sig;";"
2024;lieux;vosp;int64;70248;0;0.000000;datasets/baac/2024/Lieux_2024.csv;utf-8-sig;";"
2024;usagers;Num_Acc;int64;125187;0;0.000000;datasets/baac/2024/Usagers_2024.csv;utf-8-sig;";"
2024;usagers;actp;str;125187;0;0.000000;datasets/baac/2024/Usagers_2024.csv;utf-8-sig;";"
2024;usagers;an_nais;float64;125187;2579;0.020601;datasets/baac/2024/Usagers_2024.csv;utf-8-sig;";"
2024;usagers;catu;int64;125187;0;0.000000;datasets/baac/2024/Usagers_2024.csv;utf-8-sig;";"
2024;usagers;etatp;int64;125187;0;0.000000;datasets/baac/2024/Usagers_2024.csv;utf-8-sig;";"
2024;usagers;grav;int64;125187;0;0.000000;datasets/baac/2024/Usagers_2024.csv;utf-8-sig;";"
2024;usagers;id_usager;str;125187;0;0.000000;datasets/baac/2024/Usagers_2024.csv;utf-8-sig;";"
2024;usagers;id_vehicule;str;125187;0;0.000000;datasets/baac/2024/Usagers_2024.csv;utf-8-sig;";"
2024;usagers;locp;int64;125187;0;0.000000;datasets/baac/2024/Usagers_2024.csv;utf-8-sig;";"
2024;usagers;num_veh;str;125187;0;0.000000;datasets/baac/2024/Usagers_2024.csv;utf-8-sig;";"
2024;usagers;place;int64;125187;0;0.000000;datasets/baac/2024/Usagers_2024.csv;utf-8-sig;";"
2024;usagers;secu1;int64;125187;0;0.000000;datasets/baac/2024/Usagers_2024.csv;utf-8-sig;";"
2024;usagers;secu2;int64;125187;0;0.000000;datasets/baac/2024/Usagers_2024.csv;utf-8-sig;";"
2024;usagers;secu3;int64;125187;0;0.000000;datasets/baac/2024/Usagers_2024.csv;utf-8-sig;";"
2024;usagers;sexe;int64;125187;0;0.000000;datasets/baac/2024/Usagers_2024.csv;utf-8-sig;";"
2024;usagers;trajet;int64;125187;0;0.000000;datasets/baac/2024/Usagers_2024.csv;utf-8-sig;";"
2024;vehicules;Num_Acc;int64;92678;0;0.000000;datasets/baac/2024/Vehicules_2024.csv;utf-8-sig;";"
2024;vehicules;catv;int64;92678;0;0.000000;datasets/baac/2024/Vehicules_2024.csv;utf-8-sig;";"
2024;vehicules;choc;int64;92678;0;0.000000;datasets/baac/2024/Vehicules_2024.csv;utf-8-sig;";"
2024;vehicules;id_vehicule;str;92678;0;0.000000;datasets/baac/2024/Vehicules_2024.csv;utf-8-sig;";"
2024;vehicules;manv;int64;92678;0;0.000000;datasets/baac/2024/Vehicules_2024.csv;utf-8-sig;";"
2024;vehicules;motor;int64;92678;0;0.000000;datasets/baac/2024/Vehicules_2024.csv;utf-8-sig;";"
2024;vehicules;num_veh;str;92678;0;0.000000;datasets/baac/2024/Vehicules_2024.csv;utf-8-sig;";"
2024;vehicules;obs;int64;92678;0;0.000000;datasets/baac/2024/Vehicules_2024.csv;utf-8-sig;";"
2024;vehicules;obsm;int64;92678;0;0.000000;datasets/baac/2024/Vehicules_2024.csv;utf-8-sig;";"
2024;vehicules;occutc;float64;92678;91729;0.989760;datasets/baac/2024/Vehicules_2024.csv;utf-8-sig;";"
2024;vehicules;senc;int64;92678;0;0.000000;datasets/baac/2024/Vehicules_2024.csv;utf-8-sig;";"
